cluster,lat,lon,center,bbox
,37.7604858680318,-122.437299826895,False,True
"[0, 0]",-122.41721258127922,37.78739426221802,2,
"[1, 1]",-122.41924311718914,37.76000421665213,2,
"[0, 0, 0]",-122.41582476469686,37.761346056903406,3,
"[1, 1, 1]",-122.41709742374232,37.78742454987841,3,
"[2, 2, 2]",-122.47811474903895,37.73890648569841,3,
"[0, 0, 0, 0]",-122.41708247002195,37.78742711884176,4,
"[1, 1, 1, 1]",-122.4157933283197,37.76144681116217,4,
"[2, 2, 2, 2]",-122.46632498052547,37.718814247089576,4,
"[3, 3, 3, 3]",-122.48639782848089,37.75857230467054,4,
"[0, 0, 0, 0, 0]",-122.41584224261476,37.76142569868439,5,
"[1, 1, 1, 1, 1]",-122.41876997704011,37.78765447103968,5,
"[2, 2, 2, 2, 2]",-122.46632498052547,37.718814247089576,5,
"[3, 3, 3, 3, 3]",-122.48639782848089,37.75857230467054,5,
"[4, 4, 4, 4, 4]",-122.40453468587592,37.78553068672912,5,
"[0, 0, 0, 0, 0, 0]",-122.4159994209428,37.76172243842963,6,
"[1, 1, 1, 1, 1, 1]",-122.41877772337045,37.78765589768938,6,
"[2, 2, 2, 2, 2, 2]",-122.48636572534035,37.7586892476172,6,
"[3, 3, 3, 3, 3, 3]",-122.40583611926763,37.728488245460504,6,
"[4, 4, 4, 4, 4, 4]",-122.46952143243394,37.71917351986987,6,
"[5, 5, 5, 5, 5, 5]",-122.40459074031803,37.78553711253317,6,
"[1, 0, 1, 0, 0]", -122.411456231276,37.7655489762105,,
"[0, 0, 1, 4, 5]", -122.387789980293,37.7757113649966,,
"[1, 0, 1, 0, 0]", -122.412041634416,37.7622714633418,,
"[0, 1, 0, 1, 1]", -122.419641420429,37.7854327313929,,
"[0, 1, 0, 1, 1]", -122.419404206601,37.7925922910457,,
"[1, 0, 1, 0, 0]", -122.40842740755,37.7644278689213,,
"[0, 1, 0, 1, 1]", -122.434352484052,37.7830826586995,,
"[0, 1, 0, 1, 1]", -122.418753392735,37.7893752668397,,
"[0, 1, 0, 1, 1]", -122.416226912302,37.7855599708748,,
"[0, 1, 0, 1, 1]", -122.422777244531,37.7917190991489,,
"[0, 1, 0, 4, 5]", -122.399617558789,37.7807906549838,,
"[0, 1, 0, 1, 1]", -122.419908299532,37.7870766696212,,
"[0, 1, 0, 4, 5]", -122.408403859899,37.7882933915158,,
"[0, 2, 3, 3, 2]", -122.473430747728,37.7807259518056,,
"[0, 1, 0, 1, 1]", -122.4135447894,37.7885973839627,,
"[1, 0, 1, 0, 0]", -122.416397509503,37.7660492415927,,
"[0, 1, 0, 4, 5]", -122.40989282029,37.7801134973164,,
"[1, 0, 1, 0, 0]", -122.414033253217,37.7621586646265,,
"[1, 0, 1, 0, 0]", -122.412940312434,37.762547507938,,
"[1, 2, 3, 3, 2]", -122.475655483809,37.7654140465005,,
"[1, 0, 1, 0, 0]", -122.412301187143,37.7635382940839,,
"[0, 1, 0, 1, 1]", -122.418050744324,37.7899896643167,,
"[1, 0, 1, 0, 0]", -122.411939261411,37.7711341126595,,
"[1, 0, 1, 0, 3]", -122.415462002124,37.736580947132,,
"[1, 2, 2, 2, 4]", -122.472725464373,37.7313939156932,,
"[1, 0, 1, 0, 3]", -122.386452097316,37.7111618712449,,
"[1, 2, 3, 3, 2]", -122.486948607632,37.7425000003836,,
"[0, 1, 0, 1, 1]", -122.41614293397,37.792162193248,,
"[0, 1, 0, 4, 5]", -122.39721366868,37.7945638654846,,
"[0, 1, 0, 1, 1]", -122.414302052544,37.781863316866,,
"[1, 0, 1, 0, 0]", -122.416720982012,37.7571677817233,,
"[0, 1, 0, 1, 1]", -122.42321767392,37.7864017953926,,
"[0, 1, 0, 1, 1]", -122.421663714433,37.787075403993,,
"[0, 1, 0, 1, 1]", -122.418467747931,37.7879652569797,,
"[1, 0, 1, 0, 3]", -122.391611227772,37.7395665146762,,
"[1, 0, 1, 0, 0]", -122.397560481671,37.7670321132962,,
"[0, 1, 0, 4, 5]", -122.410293519697,37.7822305869807,,
"[1, 0, 1, 0, 3]", -122.391468771522,37.7192685809366,,
"[1, 0, 1, 0, 0]", -122.414520446496,37.7621831102458,,
"[0, 1, 0, 1, 1]", -122.419834938625,37.7863580362514,,
"[1, 2, 3, 3, 2]", -122.490170246651,37.7424682353625,,
"[0, 1, 0, 1, 1]", -122.420094921042,37.7879983893852,,
"[1, 0, 1, 0, 0]", -122.412179604274,37.7622630616528,,
"[1, 0, 1, 0, 3]", -122.413282269189,37.7441510454931,,
"[0, 1, 0, 1, 1]", -122.428652387494,37.7923732330449,,
"[0, 1, 0, 1, 1]", -122.41939581087,37.7883817595967,,
"[0, 1, 3, 3, 2]", -122.461749405491,37.7830075842759,,
"[1, 0, 1, 0, 3]", -122.38875579499,37.7403192229675,,
"[0, 1, 0, 1, 1]", -122.417903977564,37.7851670875517,,
"[0, 1, 0, 4, 5]", -122.409336821846,37.7848337315521,,
"[1, 2, 3, 3, 2]", -122.478194247055,37.7625630891661,,
"[1, 2, 2, 2, 4]", -122.49206801734,37.7143615498756,,
"[1, 0, 1, 0, 0]", -122.410612162965,37.7669031554644,,
"[0, 1, 0, 1, 1]", -122.421821806067,37.7887291944523,,
"[1, 0, 1, 0, 0]", -122.419424383763,37.7632323869521,,
"[1, 2, 3, 3, 2]", -122.505843330196,37.7369900351891,,
"[0, 1, 0, 4, 5]", -122.409795194505,37.7800356268394,,
"[1, 0, 1, 0, 0]", -122.407294221804,37.7529064152226,,
"[0, 2, 3, 3, 2]", -122.470190415901,37.7808757916602,,
"[1, 0, 1, 0, 0]", -122.430375433675,37.7583511641701,,
"[1, 0, 1, 0, 0]", -122.398582811042,37.7637353105377,,
"[1, 0, 1, 0, 0]", -122.41547928699,37.7564220901636,,
"[0, 1, 0, 1, 1]", -122.415560469006,37.7902540013683,,
"[1, 0, 1, 0, 0]", -122.420909192406,37.7521438061204,,
"[1, 0, 1, 0, 0]", -122.413123030178,37.7647659461051,,
"[0, 1, 0, 1, 1]", -122.447468395963,37.7993894899286,,
"[0, 1, 0, 1, 1]", -122.434689351674,37.7888538411014,,
"[0, 1, 0, 1, 1]", -122.42166371444,37.7870754039701,,
"[1, 0, 1, 0, 0]", -122.420580440119,37.7649968622982,,
"[0, 1, 0, 1, 1]", -122.422048136478,37.7889562657443,,
"[1, 0, 1, 0, 0]", -122.416863555609,37.7579459514924,,
"[0, 2, 3, 3, 2]", -122.478305503287,37.7803810169602,,
"[0, 1, 0, 1, 1]", -122.425225538054,37.7756912449511,,
"[1, 0, 1, 0, 0]", -122.413760858886,37.7598845823563,,
"[1, 0, 1, 0, 0]", -122.415239911578,37.7589178812609,,
"[1, 0, 1, 0, 0]", -122.417164791978,37.7470622078451,,
"[0, 1, 0, 1, 1]", -122.419366294804,37.7840280451803,,
"[0, 1, 0, 1, 1]", -122.412718544555,37.7886466255672,,
"[1, 0, 1, 0, 0]", -122.410919016011,37.773130623238,,
"[1, 0, 1, 0, 0]", -122.427760281283,37.766192684832,,
"[0, 1, 0, 4, 5]", -122.407244087032,37.7865647607685,,
"[0, 0, 1, 4, 5]", -122.389517648036,37.7724682400061,,
"[1, 0, 1, 0, 0]", -122.401966042347,37.7687048636127,,
"[0, 1, 0, 1, 1]", -122.417710344733,37.7842362877657,,
"[1, 0, 1, 4, 5]", -122.395062849871,37.7665443562126,,
"[1, 2, 3, 3, 2]", -122.484805991696,37.742594249433,,
"[1, 0, 1, 0, 0]", -122.416070932811,37.7612142236627,,
"[1, 0, 1, 0, 0]", -122.41641961495,37.7547568332768,,
"[1, 0, 1, 0, 0]", -122.409738771906,37.7703482035454,,
"[0, 1, 0, 1, 1]", -122.415186938172,37.7883866790789,,
"[1, 0, 1, 0, 0]", -122.417955821717,37.7578801214437,,
"[1, 0, 1, 0, 0]", -122.417423841025,37.7587860207279,,
"[1, 2, 3, 3, 2]", -122.478347225308,37.7578407967412,,
"[1, 0, 1, 0, 0]", -122.417185210419,37.7627583408182,,
"[0, 1, 0, 1, 1]", -122.422431723545,37.794974567141,,
"[1, 0, 1, 0, 0]", -122.416623216758,37.761945999123,,
"[0, 1, 0, 1, 1]", -122.421572274158,37.7866181600769,,
"[1, 0, 1, 0, 0]", -122.417511996621,37.754691084878,,
"[1, 0, 1, 0, 0]", -122.416320644866,37.7587424639071,,
"[1, 2, 2, 2, 4]", -122.44547478111,37.7323966010148,,
"[0, 1, 0, 4, 5]", -122.405490836338,37.7939790012204,,
"[0, 1, 0, 1, 1]", -122.416280805077,37.8062946812333,,
"[0, 1, 0, 4, 5]", -122.408547479638,37.7930734224606,,
"[0, 1, 0, 4, 5]", -122.403314774051,37.7779470864765,,
"[1, 0, 3, 3, 2]", -122.453376250788,37.7687142722405,,
"[1, 2, 2, 2, 4]", -122.467471786771,37.7399424373052,,
"[0, 1, 0, 4, 5]", -122.410718060304,37.7789597633583,,
"[1, 0, 1, 0, 0]", -122.387818511433,37.757914483777,,
"[0, 1, 0, 4, 5]", -122.409055191364,37.7871979591062,,
"[1, 0, 1, 0, 0]", -122.421747650463,37.7627436601147,,
"[1, 0, 1, 0, 3]", -122.412457953057,37.7147347356846,,
"[1, 0, 1, 0, 3]", -122.404903343063,37.7279456314778,,
"[1, 0, 1, 0, 0]", -122.418361693032,37.7571229384933,,
"[1, 0, 1, 0, 0]", -122.417902522167,37.7634792790413,,
"[0, 1, 0, 1, 1]", -122.417209639437,37.7900459016939,,
"[1, 0, 1, 0, 0]", -122.407321012077,37.7684384856444,,
"[0, 0, 1, 4, 5]", -122.399063980262,37.7750122063541,,
"[0, 1, 0, 1, 1]", -122.417903977571,37.7851670875288,,
"[0, 1, 0, 1, 1]", -122.418467747938,37.7879652569568,,
"[1, 0, 1, 0, 0]", -122.416872883671,37.7587640201177,,
"[0, 1, 0, 4, 5]", -122.403971269057,37.784828309361,,
"[0, 1, 0, 1, 1]", -122.424822198326,37.7901084151742,,
"[0, 1, 0, 1, 1]", -122.426668235709,37.7869250592794,,
"[1, 0, 1, 0, 0]", -122.434249624241,37.7692002895738,,
"[1, 0, 1, 0, 0]", -122.418289276866,37.750640293923,,
"[1, 2, 2, 2, 4]", -122.473644075533,37.7155536666978,,
"[1, 0, 1, 0, 0]", -122.414987729007,37.7612794104989,,
"[1, 0, 1, 0, 0]", -122.411572788477,37.7597252282091,,
"[1, 0, 1, 0, 0]", -122.420494661635,37.7618219325945,,
"[0, 1, 0, 1, 1]", -122.42040246369,37.7891643767502,,
"[0, 1, 0, 1, 1]", -122.418537074676,37.8061515935611,,
"[0, 1, 0, 1, 1]", -122.418090766692,37.7861007451645,,
"[1, 0, 1, 0, 0]", -122.416708153993,37.7684715664092,,
"[0, 1, 0, 1, 1]", -122.420052444419,37.7915436932136,,
"[0, 1, 0, 1, 1]", -122.416261836841,37.7853750846147,,
"[1, 0, 1, 0, 3]", -122.414235499783,37.7388517685098,,
"[0, 1, 0, 4, 5]", -122.396305356237,37.7932572003309,,
"[0, 1, 0, 4, 5]", -122.388379873919,37.7833104067015,,
"[1, 0, 1, 4, 5]", -122.398182124025,37.7690432950377,,
"[1, 0, 1, 0, 0]", -122.417660640348,37.7555043420074,,
"[1, 0, 1, 0, 0]", -122.403042463934,37.7588363483261,,
"[1, 0, 1, 0, 0]", -122.417742204595,37.7618784316623,,
"[1, 2, 2, 2, 4]", -122.443696904615,37.718927976006,,
"[1, 2, 2, 2, 4]", -122.438519414468,37.719605303427,,
"[0, 1, 0, 4, 5]", -122.410135236377,37.7841889075267,,
"[0, 1, 0, 1, 1]", -122.422435540294,37.7917625983936,,
"[1, 2, 3, 3, 2]", -122.469655722503,37.764818168552,,
"[1, 0, 1, 0, 0]", -122.412163194382,37.7635464709422,,
"[1, 0, 1, 0, 0]", -122.414197486497,37.7446268939282,,
"[0, 1, 0, 1, 1]", -122.417809103107,37.7847098968387,,
"[1, 0, 1, 0, 0]", -122.416230392551,37.7636337703031,,
"[0, 1, 0, 4, 5]", -122.405283980519,37.7965510480789,,
"[1, 2, 2, 2, 4]", -122.443183205956,37.733037803902,,
"[0, 1, 0, 4, 5]", -122.407854234538,37.7854922044602,,
"[0, 1, 0, 1, 1]", -122.445217147539,37.7827388378288,,
"[1, 0, 1, 0, 0]", -122.413704070257,37.7599911968125,,
"[1, 0, 1, 0, 0]", -122.420908468984,37.7657766621198,,
"[1, 0, 1, 0, 0]", -122.4167748425,37.7635485886261,,
"[0, 1, 0, 1, 1]", -122.412563218508,37.7857850619382,,
"[0, 1, 0, 1, 1]", -122.423031175088,37.7854818747419,,
"[1, 0, 1, 0, 0]", -122.409274108851,37.7535802615602,,
"[0, 1, 0, 1, 1]", -122.417824560275,37.7844637837491,,
"[1, 0, 1, 0, 0]", -122.416872883664,37.7587640201132,,
"[0, 1, 0, 1, 1]", -122.41292895522,37.7896868265784,,
"[1, 2, 3, 3, 2]", -122.490944359836,37.7535477247351,,
"[1, 0, 1, 0, 0]", -122.406420812706,37.7651866996673,,
"[1, 0, 1, 0, 0]", -122.403409085175,37.7531779938926,,
"[0, 1, 0, 1, 1]", -122.420402463683,37.7891643767731,,
"[1, 0, 1, 0, 0]", -122.418221946229,37.7481664083985,,
"[1, 0, 1, 0, 3]", -122.403775864685,37.7282405026531,,
"[0, 1, 0, 1, 1]", -122.418065082006,37.7863419196668,,
"[1, 2, 3, 3, 2]", -122.476469914829,37.75702872804,,
"[1, 2, 3, 3, 2]", -122.476691497828,37.7738311003572,,
"[1, 2, 3, 3, 2]", -122.478349616026,37.7513339691629,,
"[1, 0, 1, 0, 0]", -122.417649959736,37.7546827649656,,
"[0, 1, 0, 1, 1]", -122.430332787472,37.8006878988247,,
"[1, 0, 1, 0, 0]", -122.416535463075,37.7660406107786,,
"[0, 1, 0, 1, 1]", -122.431847031954,37.8037564754998,,
"[0, 1, 0, 1, 1]", -122.423477953324,37.7834532119734,,
"[0, 1, 0, 1, 1]", -122.449116002905,37.7773216006661,,
"[0, 1, 0, 4, 5]", -122.390645819037,37.7830549839906,,
"[1, 2, 2, 2, 4]", -122.459564595337,37.7246926893786,,
"[0, 1, 0, 1, 1]", -122.414029821727,37.7823291237659,,
"[0, 1, 0, 1, 1]", -122.416075285059,37.7844496612562,,
"[1, 0, 1, 0, 0]", -122.420222385251,37.769554034555,,
"[0, 1, 0, 4, 5]", -122.411778295992,37.7839805592634,,
"[0, 1, 0, 1, 1]", -122.430195612664,37.7879221667751,,
"[1, 0, 1, 0, 0]", -122.419004027906,37.7635175983002,,
"[0, 2, 3, 3, 2]", -122.463076270481,37.7781896957793,,
"[1, 0, 1, 0, 0]", -122.405221227251,37.7620542126608,,
"[0, 1, 0, 1, 1]", -122.429640669214,37.7847640706969,,
"[1, 0, 1, 0, 0]", -122.412173946273,37.7629167766632,,
"[1, 0, 2, 2, 3]", -122.427966288266,37.7118229386046,,
"[1, 2, 3, 3, 2]", -122.475579367703,37.7439730932204,,
"[1, 0, 1, 4, 5]", -122.396656161632,37.7678262566863,,
"[1, 0, 1, 0, 0]", -122.41821569477,37.7554138872049,,
"[1, 0, 1, 0, 0]", -122.415921585459,37.7596123168685,,
"[0, 1, 0, 1, 1]", -122.416452065595,37.7863086885804,,
"[1, 0, 1, 0, 0]", -122.42675591874,37.7533975978262,,
"[1, 0, 1, 0, 0]", -122.413354187018,37.7690748003847,,
"[0, 1, 0, 1, 1]", -122.409888227377,37.8060255339956,,
"[1, 0, 1, 0, 0]", -122.414833494052,37.7596779372146,,
"[0, 1, 0, 1, 1]", -122.416825199786,37.787277154617,,
"[1, 0, 1, 0, 3]", -122.406825183678,37.741054981526,,
"[0, 1, 0, 1, 1]", -122.417019320698,37.7891095538507,,
"[1, 0, 1, 0, 0]", -122.413250370402,37.7525005885994,,
"[0, 1, 0, 1, 1]", -122.421921286419,37.7892209019337,,
"[1, 2, 3, 3, 2]", -122.473358347737,37.7636723200319,,
"[1, 0, 1, 0, 0]", -122.406311571034,37.762608811814,,
"[1, 2, 3, 3, 2]", -122.491895347872,37.7517405037544,,
"[1, 2, 2, 2, 4]", -122.466026150018,37.7409281890178,,
"[0, 1, 0, 1, 1]", -122.426382820826,37.7853100311337,,
"[0, 1, 0, 1, 1]", -122.413820070176,37.7857382950322,,
"[1, 0, 1, 0, 0]", -122.409751999706,37.7682919615632,,
"[0, 1, 0, 1, 1]", -122.422330464198,37.790369068882,,
"[0, 1, 0, 1, 1]", -122.418090766699,37.7861007451416,,
"[0, 1, 0, 1, 1]", -122.422713876818,37.775244832582,,
"[0, 1, 0, 1, 1]", -122.425618312013,37.7899500809315,,
"[1, 0, 1, 0, 0]", -122.401365903153,37.7520188141345,,
"[1, 0, 1, 0, 0]", -122.405461061434,37.76071558192,,
"[1, 2, 2, 2, 4]", -122.440388229194,37.7174580136719,,
"[0, 1, 0, 1, 1]", -122.43850831913,37.7994111027248,,
"[1, 0, 1, 0, 0]", -122.409408330008,37.7644227955811,,
"[1, 2, 3, 3, 2]", -122.484875854614,37.7744665614343,,
"[1, 0, 1, 0, 0]", -122.432270774898,37.7634743767898,,
"[0, 1, 0, 1, 1]", -122.421231781955,37.7932574953959,,
"[1, 0, 1, 0, 0]", -122.398705442404,37.765013394552,,
"[0, 1, 0, 1, 1]", -122.41954956879,37.7849590112399,,
"[1, 0, 1, 0, 0]", -122.418687919804,37.7642753857061,,
"[0, 1, 0, 1, 1]", -122.418658294829,37.7889098399421,,
"[1, 2, 3, 3, 2]", -122.485038730456,37.7612911364242,,
"[1, 0, 1, 0, 0]", -122.419331147814,37.7622643357423,,
"[1, 0, 1, 0, 3]", -122.390145620854,37.7411072765033,,
"[0, 1, 0, 1, 1]", -122.419039119337,37.7907880214222,,
"[1, 2, 2, 2, 4]", -122.474308079894,37.7166425332691,,
"[0, 1, 0, 4, 5]", -122.397091759801,37.7900661929348,,
"[0, 1, 0, 1, 1]", -122.422776131139,37.7883284461725,,
"[0, 1, 0, 1, 1]", -122.418360181974,37.7831498978211,,
"[1, 0, 1, 0, 0]", -122.414389290837,37.7557003660214,,
"[1, 2, 2, 2, 4]", -122.439819026647,37.714105192098,,
"[1, 2, 2, 2, 4]", -122.441568048407,37.7268788869673,,
"[0, 1, 0, 1, 1]", -122.410070328897,37.8021843267228,,
"[0, 1, 0, 1, 1]", -122.419694813697,37.7897774160756,,
"[1, 0, 1, 0, 0]", -122.414925208812,37.7556120190745,,
"[0, 1, 0, 4, 5]", -122.408201657254,37.7868849113107,,
"[0, 1, 0, 1, 1]", -122.423382449399,37.787580901854,,
"[0, 1, 0, 1, 1]", -122.422968948382,37.7944069848967,,
"[0, 1, 0, 4, 5]", -122.40864873517,37.7773110274033,,
"[1, 2, 3, 3, 2]", -122.508618537938,37.7603604579815,,
"[0, 1, 0, 4, 5]", -122.412054141237,37.7816136403158,,
"[0, 1, 0, 1, 1]", -122.419126295342,37.7869849580362,,
"[0, 1, 0, 1, 1]", -122.42540353319,37.8013130714495,,
"[1, 0, 1, 0, 0]", -122.411210037798,37.7629736141567,,
"[1, 0, 1, 0, 3]", -122.401207221713,37.7220290973119,,
"[1, 0, 1, 0, 3]", -122.402780926364,37.7258401277408,,
"[1, 2, 3, 3, 2]", -122.484498491578,37.760414642153,,
"[1, 0, 1, 0, 3]", -122.389286347131,37.7310998921861,,
"[0, 1, 0, 4, 5]", -122.402569303912,37.7938844190655,,
"[1, 0, 1, 0, 0]", -122.416569016044,37.7555687969235,,
"[1, 0, 1, 0, 3]", -122.410460757312,37.7127736067412,,
"[0, 1, 0, 1, 1]", -122.418445946252,37.7882184507651,,
"[1, 0, 1, 0, 0]", -122.406558795418,37.7651783927703,,
"[0, 1, 0, 1, 1]", -122.412032359787,37.7878854896155,,
"[0, 1, 0, 4, 5]", -122.410065781611,37.7749906792363,,
"[0, 1, 0, 1, 1]", -122.416315638987,37.7943519737956,,
"[0, 1, 0, 1, 1]", -122.427780988742,37.7839237201462,,
"[0, 1, 0, 1, 1]", -122.412597377187,37.7839320277273,,
"[0, 1, 0, 1, 1]", -122.42239642406,37.7864543795731,,
"[1, 2, 3, 3, 2]", -122.505275232153,37.7586373584053,,
"[1, 0, 1, 0, 0]", -122.412051228021,37.761644197745,,
"[1, 0, 1, 0, 3]", -122.394051849819,37.7461648023187,,
"[0, 1, 0, 1, 1]", -122.420120319204,37.7877570602411,,
"[1, 0, 1, 0, 0]", -122.403414326013,37.752524020261,,
"[0, 1, 0, 4, 5]", -122.404767635853,37.7946646538154,,
"[0, 1, 0, 1, 1]", -122.416386784625,37.7900934803531,,
"[0, 1, 0, 1, 1]", -122.417641342653,37.7871735250079,,
"[0, 1, 0, 4, 5]", -122.406981046967,37.7946373197462,,
"[0, 1, 0, 1, 1]", -122.420515681408,37.7893840503369,,
"[1, 0, 1, 0, 0]", -122.417664996559,37.7562905437465,,
"[0, 1, 0, 4, 5]", -122.404195424821,37.7912255174119,,
"[0, 1, 0, 1, 1]", -122.426449161534,37.7851513851678,,
"[1, 0, 1, 0, 0]", -122.411826280883,37.7642766926597,,
"[0, 1, 0, 1, 1]", -122.421132500205,37.7885381075121,,
"[1, 0, 1, 0, 0]", -122.416472035359,37.7603453746291,,
"[1, 0, 1, 0, 0]", -122.410519781929,37.752766726673,,
"[1, 0, 1, 0, 0]", -122.416389710283,37.7652491154383,,
"[0, 1, 0, 4, 5]", -122.404270179493,37.7844788538516,,
"[1, 2, 2, 2, 4]", -122.475484629626,37.7383655655476,,
"[0, 1, 0, 1, 1]", -122.420497288797,37.789618819232,,
"[1, 0, 1, 0, 3]", -122.385001533619,37.7330708173682,,
"[1, 0, 1, 0, 0]", -122.409519465141,37.7656088991582,,
"[1, 2, 3, 3, 2]", -122.493490973001,37.7506625909817,,
"[0, 1, 0, 4, 5]", -122.407163046954,37.7797376338991,,
"[0, 1, 0, 1, 1]", -122.433177816267,37.7813758100318,,
"[1, 0, 1, 0, 0]", -122.405343617902,37.763318561267,,
"[1, 0, 1, 0, 0]", -122.419052694349,37.7586324051562,,
"[0, 1, 0, 4, 5]", -122.409313111431,37.7843478513151,,
"[0, 1, 0, 4, 5]", -122.409925328419,37.7877640990096,,
"[1, 0, 1, 0, 0]", -122.415280831397,37.7702324461737,,
"[0, 2, 3, 3, 2]", -122.464007406436,37.7781481010942,,
"[1, 2, 3, 3, 2]", -122.504756153505,37.7356169338764,,
"[1, 0, 1, 0, 0]", -122.415308388823,37.7653161356396,,
"[0, 1, 0, 4, 5]", -122.406775392392,37.7884982866148,,
"[1, 0, 1, 0, 0]", -122.41616767094,37.7571447586073,,
"[0, 1, 0, 1, 1]", -122.411643005339,37.7908072518613,,
"[0, 1, 0, 4, 5]", -122.411339562557,37.7812707434494,,
"[1, 0, 1, 0, 0]", -122.416374835778,37.7644225165568,,
"[0, 1, 0, 1, 1]", -122.421395819115,37.7856843389472,,
"[1, 0, 1, 0, 0]", -122.42121339889,37.7681976977245,,
"[1, 1, 0, 1, 1]", -122.446091525471,37.773934479461,,
"[0, 2, 3, 3, 2]", -122.466425260006,37.779937612642,,
"[1, 0, 1, 0, 0]", -122.421458098376,37.7657516964628,,
"[0, 1, 0, 4, 5]", -122.40604615148,37.796043949798,,
"[0, 1, 0, 1, 1]", -122.427185970814,37.7934645599188,,
"[0, 1, 0, 1, 1]", -122.422442530821,37.7829271006902,,
"[0, 1, 0, 1, 1]", -122.421861006175,37.7880116318733,,
"[1, 2, 3, 3, 2]", -122.50253270679,37.7745223024036,,
"[1, 0, 1, 0, 0]", -122.417332582598,37.7635718955939,,
"[0, 1, 0, 1, 1]", -122.426699361308,37.7874116182605,,
"[0, 1, 0, 4, 5]", -122.408428562526,37.7970370435233,,
"[0, 1, 0, 4, 5]", -122.403919148357,37.7871160984672,,
"[0, 1, 0, 1, 1]", -122.416607695115,37.7791387543353,,
"[1, 2, 3, 3, 2]", -122.481309336551,37.7540822450477,,
"[1, 0, 1, 0, 0]", -122.404502132525,37.7640064885467,,
"[1, 0, 1, 0, 0]", -122.414381061491,37.7636861819413,,
"[1, 0, 1, 0, 0]", -122.421082850193,37.764910844226,,
"[1, 2, 3, 3, 2]", -122.505660828242,37.7576114624913,,
"[0, 1, 0, 4, 5]", -122.392940948663,37.7860677021529,,
"[0, 1, 0, 1, 1]", -122.419183096362,37.7830998244592,,
"[1, 0, 1, 0, 3]", -122.411846265549,37.7311823109483,,
"[1, 2, 3, 3, 2]", -122.464940040095,37.7762384154187,,
"[0, 1, 0, 1, 1]", -122.419295456225,37.7878052240334,,
"[0, 1, 0, 4, 5]", -122.408034830311,37.7907401544868,,
"[1, 0, 1, 0, 0]", -122.414033253209,37.762158664622,,
"[0, 2, 3, 3, 2]", -122.482592898737,37.7811403162951,,
"[0, 1, 0, 1, 1]", -122.416261836834,37.7853750846376,,
"[1, 0, 1, 0, 0]", -122.413329681649,37.7640046225777,,
"[0, 1, 0, 1, 1]", -122.421477162118,37.7861527352201,,
"[1, 0, 1, 0, 0]", -122.418891810986,37.7562166627216,,
"[1, 0, 1, 0, 0]", -122.417566720721,37.7602792760391,,
"[1, 2, 3, 3, 2]", -122.482896543183,37.7548760519856,,
"[1, 0, 1, 0, 0]", -122.417031919598,37.7611560850021,,
"[1, 0, 1, 0, 0]", -122.402448598316,37.7686218429147,,
"[1, 0, 1, 0, 0]", -122.418667330218,37.7603229790338,,
"[1, 0, 1, 0, 0]", -122.406539115148,37.7564864109309,,
"[1, 0, 1, 0, 0]", -122.417180448635,37.7619674218102,,
"[1, 0, 1, 0, 0]", -122.418701003284,37.7651098786222,,
"[1, 0, 1, 0, 0]", -122.402206966581,37.7609519416768,,
"[1, 0, 1, 0, 0]", -122.396177739066,37.7639330418799,,
"[0, 1, 0, 1, 5]", -122.411747371924,37.7859988323798,,
"[1, 0, 1, 0, 0]", -122.417812558787,37.7571005796428,,
"[0, 1, 0, 1, 1]", -122.419343433251,37.7842862779662,,
"[1, 0, 1, 0, 0]", -122.417180448642,37.7619674218148,,
"[0, 1, 0, 1, 1]", -122.417367329727,37.7828626236813,,
"[0, 1, 0, 1, 1]", -122.420307355721,37.7886989511647,,
"[0, 1, 0, 1, 1]", -122.421878317809,37.7922227148538,,
"[1, 0, 1, 0, 0]", -122.416552635487,37.7668698952007,,
"[0, 0, 1, 4, 5]", -122.391913019878,37.7746571104771,,
"[1, 0, 1, 0, 0]", -122.419983447697,37.7682726763619,,
"[0, 1, 0, 1, 1]", -122.423413057231,37.7957371092444,,
"[0, 1, 0, 1, 1]", -122.416916142188,37.7843944492068,,
"[0, 1, 0, 1, 1]", -122.417785340586,37.7849474956973,,
"[1, 0, 1, 0, 0]", -122.417660640341,37.7555043420028,,
"[1, 0, 1, 0, 0]", -122.414532039691,37.7564790387047,,
"[0, 1, 0, 4, 5]", -122.406401668335,37.7866144613366,,
"[1, 2, 2, 2, 4]", -122.443009986764,37.7218704825421,,
"[0, 1, 0, 4, 5]", -122.40801449292,37.7859507767613,,
"[1, 0, 1, 0, 0]", -122.413746252112,37.7629630100343,,
"[0, 1, 0, 1, 1]", -122.42007416053,37.7916521865064,,
"[1, 0, 1, 0, 3]", -122.389018643225,37.7423587131211,,
"[1, 0, 1, 0, 3]", -122.391089615241,37.7359045006314,,
"[0, 1, 0, 1, 1]", -122.420641893733,37.7819608221838,,
"[1, 0, 1, 0, 0]", -122.40571430623,37.7665336717201,,
"[1, 0, 1, 0, 0]", -122.417260520587,37.7570790190504,,
"[0, 1, 0, 1, 1]", -122.429344544489,37.7753529596691,,
"[0, 1, 0, 1, 1]", -122.414242955907,37.7837240254478,,
"[1, 0, 1, 0, 0]", -122.410738097315,37.767524308783,,
"[1, 0, 1, 0, 0]", -122.416078423916,37.7620347866564,,
"[0, 1, 0, 4, 5]", -122.408231026261,37.787359494956,,
"[0, 1, 0, 1, 1]", -122.42226297138,37.7891773628316,,
"[0, 1, 0, 1, 1]", -122.418562843426,37.7884306841336,,
"[0, 1, 0, 1, 1]", -122.426668235716,37.7869250592565,,
"[1, 0, 1, 0, 0]", -122.415929849548,37.7604330003754,,
"[1, 0, 1, 0, 0]", -122.418549940195,37.7642837095036,,
"[0, 1, 0, 4, 5]", -122.407802668376,37.7893818905021,,
"[0, 1, 0, 1, 1]", -122.415186938179,37.788386679056,,
"[1, 0, 1, 0, 0]", -122.406948026845,37.7593672733869,,
"[1, 0, 1, 0, 0]", -122.416178123149,37.7572542986223,,
"[0, 1, 0, 4, 5]", -122.409336466305,37.7925067440714,,
"[0, 1, 0, 4, 5]", -122.409876622532,37.787148807979,,
"[0, 1, 0, 1, 1]", -122.416614060876,37.786777956045,,
"[1, 0, 1, 0, 0]", -122.417270975533,37.7571885589512,,
"[0, 1, 0, 4, 5]", -122.396920775993,37.7857918163181,,
"[1, 0, 1, 0, 0]", -122.415155941054,37.7636979308883,,
"[0, 1, 0, 4, 5]", -122.410699657634,37.7869881885308,,
"[0, 1, 0, 1, 1]", -122.420941906085,37.7875961622012,,
"[0, 1, 0, 1, 1]", -122.433843066271,37.7889062433562,,
"[0, 1, 0, 1, 1]", -122.418370154529,37.7983821042045,,
"[0, 1, 0, 4, 5]", -122.405862214655,37.7979117105028,,
"[1, 0, 1, 0, 0]", -122.417756708592,37.7698142360087,,
"[0, 1, 0, 1, 1]", -122.419717579479,37.7861346397325,,
"[0, 1, 0, 4, 5]", -122.409793939547,37.7791823933462,,
"[1, 2, 3, 3, 2]", -122.466204667893,37.7725405391593,,
"[0, 1, 0, 1, 1]", -122.412653223062,37.7925509103928,,
"[1, 2, 2, 2, 4]", -122.463079076106,37.72547657256,,
"[1, 2, 3, 3, 2]", -122.489090192226,37.7424057567334,,
"[1, 0, 1, 0, 0]", -122.404056171195,37.7593116519653,,
"[1, 2, 3, 3, 2]", -122.482860593501,37.7763201416008,,
"[1, 0, 1, 0, 3]", -122.408692078236,37.744428758307,,
"[0, 1, 0, 1, 1]", -122.426449161542,37.7851513851448,,
"[1, 0, 1, 0, 0]", -122.418887293065,37.7576217212029,,
"[0, 1, 0, 1, 1]", -122.420775721444,37.7867754820647,,
"[1, 2, 3, 3, 2]", -122.478325615864,37.7644357771555,,
"[0, 1, 0, 1, 1]", -122.435265198616,37.8000616729806,,
"[1, 0, 1, 0, 0]", -122.409033424103,37.7605421573494,,
"[0, 1, 0, 1, 1]", -122.419225511072,37.7917052017702,,
"[0, 1, 0, 1, 1]", -122.417634160005,37.787063186215,,
"[1, 0, 1, 0, 0]", -122.413881627002,37.7629857639619,,
"[1, 0, 1, 0, 0]", -122.400879514449,37.7674890283472,,
"[0, 1, 0, 1, 1]", -122.424808639628,37.7983917580329,,
"[0, 1, 0, 1, 1]", -122.434317914083,37.7953827337569,,
"[1, 0, 1, 0, 0]", -122.412427346072,37.7616751087994,,
"[0, 1, 0, 1, 1]", -122.426995326766,37.8008726327692,,
"[1, 0, 1, 0, 0]", -122.410365570587,37.764311317634,,
"[0, 1, 0, 1, 1]", -122.419672954945,37.789668941238,,
"[1, 0, 1, 0, 0]", -122.413310043268,37.7646146990095,,
"[0, 1, 0, 1, 1]", -122.414916875484,37.7902802865906,,
"[1, 0, 1, 0, 0]", -122.423991907438,37.7526959571277,,
"[0, 1, 0, 1, 1]", -122.428687263963,37.8008967365514,,
"[1, 0, 1, 0, 3]", -122.402912161235,37.7258054513775,,
"[0, 1, 0, 4, 5]", -122.408603297968,37.7920560718489,,
"[0, 1, 0, 4, 5]", -122.397388784826,37.7825543452426,,
"[0, 1, 0, 1, 1]", -122.420576428438,37.782453353282,,
"[1, 0, 1, 0, 0]", -122.419515708406,37.7634292328496,,
"[0, 1, 0, 1, 1]", -122.412111413372,37.7881797300266,,
"[1, 2, 3, 3, 2]", -122.496312388122,37.7449299336642,,
"[0, 1, 0, 1, 1]", -122.43523014451,37.7915395647602,,
"[1, 0, 1, 0, 0]", -122.42714120155,37.7727724965726,,
"[0, 1, 0, 1, 1]", -122.422689341228,37.8001591449911,,
"[1, 2, 3, 3, 2]", -122.509644693774,37.7752065367343,,
"[1, 0, 1, 0, 0]", -122.413369448126,37.7675426925583,,
"[0, 1, 0, 4, 5]", -122.409804474418,37.7909286115977,,
"[1, 0, 1, 0, 0]", -122.4006319548,37.7539653995399,,
"[1, 0, 1, 0, 0]", -122.411582899244,37.7668407191645,,
"[0, 1, 0, 1, 1]", -122.41420144235,37.7876109394648,,
"[1, 0, 1, 0, 0]", -122.426879916221,37.7516832454434,,
"[0, 1, 0, 1, 1]", -122.42752815823,37.7868708654501,,
"[0, 1, 0, 1, 1]", -122.423277496383,37.8034124225242,,
"[1, 0, 1, 0, 0]", -122.423976570125,37.7510881880624,,
"[0, 1, 0, 4, 5]", -122.410271349769,37.7895016291913,,
"[1, 2, 3, 3, 2]", -122.504206336399,37.7501922191992,,
"[1, 0, 1, 0, 0]", -122.418830499608,37.7618127068587,,
"[0, 1, 0, 1, 1]", -122.421341005458,37.7895684897255,,
"[0, 1, 0, 4, 5]", -122.411328369318,37.7859963050247,,
"[0, 1, 0, 1, 1]", -122.420307355728,37.7886989511418,,
"[0, 1, 0, 4, 5]", -122.407822401083,37.7976687725776,,
"[0, 1, 0, 1, 1]", -122.414406029855,37.7841907151119,,
"[0, 1, 0, 1, 1]", -122.426246092712,37.7888345695702,,
"[1, 0, 1, 0, 0]", -122.41248326348,37.7706305910776,,
"[1, 0, 1, 0, 0]", -122.391363698182,37.7590483123458,,
"[1, 0, 1, 0, 0]", -122.408431240775,37.763757927095,,
"[0, 1, 0, 4, 5]", -122.405832474482,37.7857446545609,,
"[0, 1, 0, 1, 1]", -122.416221156508,37.7892672343725,,
"[0, 1, 0, 1, 1]", -122.418580508889,37.7881906054546,,
"[1, 0, 1, 0, 0]", -122.417964483768,37.7586968166534,,
"[1, 0, 1, 0, 0]", -122.421797245093,37.7681088832674,,
"[1, 0, 1, 0, 0]", -122.420668061289,37.7528920349044,,
"[0, 1, 0, 1, 1]", -122.423231429793,37.7948181045174,,
"[0, 1, 0, 1, 1]", -122.417672923626,37.7881242734432,,
"[1, 0, 1, 0, 0]", -122.418701003292,37.7651098786267,,
"[1, 0, 1, 0, 0]", -122.41827216643,37.7619029613068,,
"[1, 0, 1, 0, 0]", -122.401843489392,37.7674322753602,,
"[0, 1, 0, 1, 1]", -122.425221057967,37.8055600294296,,
"[0, 1, 0, 1, 1]", -122.417312387265,37.7819132275955,,
"[1, 2, 3, 3, 4]", -122.493717344525,37.7319093128313,,
"[0, 1, 0, 1, 1]", -122.41533612902,37.7854364798696,,
"[1, 2, 2, 2, 3]", -122.436724043712,37.721435763041,,
"[1, 1, 0, 1, 1]", -122.451993022879,37.774088474589,,
"[1, 0, 1, 0, 0]", -122.418904204517,37.7570361132269,,
"[1, 2, 3, 3, 2]", -122.502148728509,37.7755496261634,,
"[1, 2, 2, 2, 4]", -122.458685224521,37.7245070452424,,
"[0, 2, 3, 3, 2]", -122.461346511027,37.7774104345191,,
"[1, 0, 1, 0, 0]", -122.400756349771,37.7661917267111,,
"[1, 0, 1, 0, 0]", -122.40546657618,37.7646048756593,,
"[1, 0, 1, 0, 0]", -122.421525851198,37.7548527623987,,
"[1, 0, 1, 0, 0]", -122.414693065257,37.7588955947572,,
"[0, 1, 0, 1, 1]", -122.435488624091,37.788695199032,,
"[0, 1, 0, 1, 1]", -122.416477397948,37.7867954080343,,
"[0, 1, 0, 1, 1]", -122.418751252829,37.7851160049429,,
"[1, 0, 1, 0, 3]", -122.424854520466,37.737355217845,,
"[1, 0, 1, 0, 0]", -122.416254017272,37.7515522899856,,
"[1, 0, 1, 0, 3]", -122.383433948755,37.7297381449981,,
"[1, 0, 1, 0, 0]", -122.414862768752,37.7492374030205,,
"[0, 1, 0, 4, 5]", -122.403464080033,37.7785233776032,,
"[0, 1, 0, 4, 5]", -122.406698577014,37.7829835080746,,
"[0, 1, 0, 1, 1]", -122.436863337604,37.7996199689993,,
"[1, 0, 2, 2, 3]", -122.436194484896,37.7227270383576,,
"[0, 1, 0, 4, 5]", -122.409853729941,37.7833862379382,,
"[1, 0, 1, 0, 0]", -122.418486296575,37.7634954373144,,
"[0, 1, 0, 1, 1]", -122.415357786653,37.7855449803674,,
"[1, 0, 1, 0, 0]", -122.417049219581,37.749105712516,,
"[1, 0, 1, 0, 0]", -122.416230392543,37.7636337702985,,
"[1, 0, 1, 0, 0]", -122.416633709983,37.7620555365592,,
"[1, 0, 1, 0, 0]", -122.416269089153,37.7531590161083,,
"[0, 1, 0, 1, 1]", -122.436774478236,37.7870844322327,,
"[0, 1, 0, 4, 5]", -122.40482801879,37.7897596938342,,
"[0, 1, 0, 1, 1]", -122.446612978839,37.7822458223917,,
"[1, 0, 1, 0, 0]", -122.421733767763,37.7632996945938,,
"[1, 0, 1, 0, 0]", -122.403524795226,37.7544534411518,,
"[1, 0, 1, 0, 0]", -122.436102868825,37.7600036963355,,
"[0, 1, 0, 1, 1]", -122.436274979481,37.7800247331065,,
"[1, 0, 1, 4, 5]", -122.387798960131,37.7631091712029,,
"[0, 1, 0, 4, 5]", -122.408519707346,37.7864044708209,,
"[1, 0, 1, 0, 0]", -122.419860961947,37.7553668828503,,
"[1, 0, 1, 0, 0]", -122.411090794589,37.761700978178,,
"[1, 0, 1, 0, 0]", -122.407815467597,37.7683548732689,,
"[0, 1, 0, 1, 1]", -122.417999278691,37.7856407526644,,
"[0, 1, 0, 4, 5]", -122.409155386902,37.7863245885511,,
"[0, 1, 0, 1, 1]", -122.41824964748,37.7872715205959,,
"[0, 1, 0, 1, 1]", -122.429227450728,37.8035662352745,,
"[0, 1, 0, 1, 1]", -122.420021471054,37.7872807075879,,
"[1, 0, 1, 0, 0]", -122.417730376662,37.7619893172394,,
"[0, 1, 0, 4, 5]", -122.405173680156,37.790560143321,,
"[1, 0, 2, 2, 3]", -122.432171559555,37.7223498379767,,
"[0, 1, 0, 1, 1]", -122.414494919843,37.801687433947,,
"[1, 0, 1, 0, 0]", -122.413704070467,37.7599911968915,,
"[1, 0, 1, 0, 0]", -122.416331137192,37.7588520014309,,
"[1, 0, 1, 0, 0]", -122.416708154001,37.7684715664137,,
"[0, 1, 0, 4, 5]", -122.395351491841,37.7873695918922,,
"[0, 1, 0, 4, 5]", -122.400916029025,37.7854574902997,,
"[0, 1, 0, 1, 1]", -122.413178958845,37.8076387530515,,
"[1, 0, 1, 0, 0]", -122.395565262125,37.7626384173116,,
"[1, 0, 1, 0, 0]", -122.417812558794,37.7571005796474,,
"[1, 0, 1, 0, 0]", -122.411332885135,37.7642516851977,,
"[0, 1, 0, 1, 1]", -122.448043124454,37.7823710354886,,
"[1, 0, 1, 0, 0]", -122.418208517373,37.755524488206,,
"[1, 0, 1, 0, 0]", -122.416236885192,37.7644311471854,,
"[0, 1, 0, 1, 1]", -122.416452065602,37.7863086885575,,
"[1, 0, 1, 0, 0]", -122.417802962628,37.7562822236574,,
"[0, 1, 0, 1, 1]", -122.421720672696,37.7914446364385,,
"[1, 0, 1, 0, 0]", -122.399658029205,37.7655961122627,,
"[1, 2, 2, 2, 4]", -122.448307079193,37.7356506398948,,
"[0, 1, 0, 1, 1]", -122.420660609645,37.7900998202351,,
"[0, 1, 0, 1, 1]", -122.434474978441,37.7877894789461,,
"[0, 1, 0, 4, 5]", -122.409686191837,37.7862042105295,,
"[0, 1, 0, 1, 1]", -122.443479362863,37.7987907016107,,
"[1, 0, 1, 0, 0]", -122.418262236032,37.7610817998691,,
"[0, 1, 0, 4, 5]", -122.40409466245,37.7872560927993,,
"[1, 0, 1, 0, 0]", -122.419276868183,37.7485648056908,,
"[1, 0, 1, 0, 0]", -122.394333134122,37.7652223955694,,
"[1, 0, 1, 0, 0]", -122.418351237622,37.7570133986695,,
"[1, 0, 1, 0, 3]", -122.42465342762,37.7357232809376,,
"[0, 1, 0, 4, 5]", -122.410206085179,37.7785518573238,,
"[0, 1, 0, 4, 5]", -122.41076876635,37.7832145189783,,
"[1, 2, 2, 2, 4]", -122.439909766772,37.715765426995,,
"[0, 1, 0, 4, 5]", -122.409686191845,37.7862042105067,,
"[0, 1, 0, 1, 1]", -122.416826908048,37.7871656880286,,
"[0, 1, 0, 1, 1]", -122.441854041374,37.7992097167784,,
"[0, 1, 0, 4, 5]", -122.410791677645,37.7836952269749,,
"[1, 0, 1, 0, 0]", -122.419374719759,37.746504037822,,
"[0, 1, 0, 1, 1]", -122.417146843836,37.781446350134,,
"[1, 0, 1, 0, 0]", -122.400162362987,37.7649810093866,,
"[1, 0, 1, 0, 0]", -122.405828840501,37.7684749112706,,
"[1, 2, 3, 3, 2]", -122.488025947847,37.7425626183259,,
"[0, 1, 0, 1, 1]", -122.420025955939,37.7830500140737,,
"[1, 0, 1, 0, 3]", -122.423926267404,37.7381082133659,,
"[1, 2, 3, 3, 2]", -122.497355386425,37.7598478388159,,
"[0, 1, 0, 1, 1]", -122.418540939104,37.7886879917994,,
"[0, 1, 0, 1, 1]", -122.421395819122,37.7856843389243,,
"[0, 1, 0, 1, 1]", -122.420874632415,37.7914943051906,,
"[0, 1, 0, 4, 5]", -122.397911707968,37.7865816188651,,
"[1, 2, 3, 3, 2]", -122.504466084549,37.7539241622187,,
"[0, 1, 0, 1, 1]", -122.418844748105,37.7898297669362,,
"[0, 1, 0, 1, 1]", -122.41945807316,37.7844990197768,,
"[0, 1, 0, 1, 1]", -122.419812186232,37.7866019512795,,
"[1, 0, 1, 0, 0]", -122.410672558539,37.7583293316963,,
"[0, 1, 0, 1, 1]", -122.412448213375,37.7878328256481,,
"[1, 2, 3, 3, 2]", -122.478618706027,37.7531929151299,,
"[0, 1, 0, 4, 5]", -122.40539653724,37.7935249040335,,
"[0, 1, 0, 1, 1]", -122.416099193953,37.7849300262869,,
"[1, 0, 1, 0, 0]", -122.414935670297,37.7557215581432,,
"[0, 1, 0, 1, 1]", -122.415675315305,37.7854477947398,,
"[0, 1, 0, 4, 5]", -122.403891536014,37.7987153189882,,
"[0, 1, 0, 4, 5]", -122.410111373792,37.7786320490341,,
"[1, 0, 1, 0, 0]", -122.416720982004,37.7571677817188,,
"[0, 1, 0, 4, 5]", -122.408648588965,37.7849124714135,,
"[0, 1, 0, 1, 1]", -122.419404206594,37.7925922910686,,
"[0, 1, 0, 1, 1]", -122.412436901867,37.7834857455601,,
"[0, 1, 0, 1, 1]", -122.431201289001,37.7758330026111,,
"[1, 0, 1, 0, 0]", -122.419977853021,37.7634571930206,,
"[1, 2, 3, 3, 2]", -122.50966215971,37.7630355540213,,
"[0, 1, 0, 4, 5]", -122.411518820359,37.7869408998805,,
"[0, 1, 0, 1, 1]", -122.416990817042,37.7872009163188,,
"[1, 2, 3, 3, 2]", -122.49897469428,37.7607866651906,,
"[0, 1, 0, 1, 1]", -122.417295322526,37.7862578545865,,
"[0, 1, 0, 1, 1]", -122.421074787492,37.7928376626584,,
"[1, 0, 1, 0, 3]", -122.420052773679,37.725315786002,,
"[1, 0, 1, 0, 0]", -122.415144329833,37.7628783835763,,
"[0, 1, 0, 1, 1]", -122.422840794653,37.7845455355216,,
"[0, 1, 0, 4, 5]", -122.403994862674,37.794611817992,,
"[1, 0, 1, 0, 3]", -122.380990356551,37.7331435009212,,
"[1, 0, 1, 0, 0]", -122.41577026404,37.7580118295123,,
"[1, 0, 1, 0, 3]", -122.38002876386,37.732037427785,,
"[0, 1, 0, 1, 1]", -122.414379700776,37.7760436733983,,
"[0, 1, 0, 4, 5]", -122.407436532553,37.7941753075626,,
"[0, 1, 0, 1, 1]", -122.422253466945,37.7908627239441,,
"[0, 1, 0, 1, 1]", -122.416642370012,37.787245037792,,
"[0, 1, 0, 1, 1]", -122.423991807272,37.7776523028278,,
"[0, 1, 0, 1, 1]", -122.416032976503,37.7883351248181,,
"[0, 1, 0, 4, 5]", -122.404899281734,37.7766207854474,,
"[0, 1, 0, 1, 1]", -122.422695629372,37.7921733284299,,
"[1, 0, 2, 2, 3]", -122.417678812123,37.7107672954351,,
"[0, 1, 0, 1, 1]", -122.41188879183,37.7888082903568,,
"[0, 1, 0, 1, 1]", -122.440879521853,37.7775321935218,,
"[0, 1, 0, 4, 5]", -122.40864858783,37.7849124714319,,
"[1, 0, 1, 0, 0]", -122.414683320731,37.7580774437252,,
"[0, 1, 0, 1, 1]", -122.420785993675,37.7951847166245,,
"[0, 1, 0, 1, 1]", -122.417107256373,37.7853238292094,,
"[0, 1, 0, 1, 1]", -122.420906514961,37.7833601834865,,
"[0, 1, 0, 1, 1]", -122.417273344939,37.7861493947594,,
"[1, 0, 1, 0, 0]", -122.411336313169,37.7635956978039,,
"[0, 0, 1, 0, 0]", -122.418810211803,37.7741251002903,,
"[1, 0, 1, 0, 0]", -122.409298233257,37.755184549826,,
"[0, 1, 0, 1, 1]", -122.412999075009,37.786277459166,,
"[1, 0, 1, 0, 0]", -122.414233849038,37.7540986882068,,
"[1, 0, 1, 0, 0]", -122.411574230927,37.7616166397327,,
"[0, 1, 0, 1, 1]", -122.414953043045,37.7765019124574,,
"[1, 0, 1, 0, 0]", -122.41747701285,37.764357751686,,
"[1, 0, 1, 0, 0]", -122.409114597731,37.7575682682871,,
"[1, 0, 1, 0, 0]", -122.413601459281,37.758962767924,,
"[1, 0, 1, 0, 0]", -122.415078609286,37.7572102588216,,
"[1, 0, 1, 0, 0]", -122.412671982665,37.7642255808524,,
"[0, 1, 0, 4, 5]", -122.409268441444,37.7837998723601,,
"[0, 1, 0, 4, 5]", -122.41072162587,37.7870966495663,,
"[1, 0, 1, 0, 0]", -122.419208249507,37.7602340753605,,
"[1, 0, 1, 0, 0]", -122.416082198307,37.7628232674387,,
"[1, 2, 3, 3, 2]", -122.506470085569,37.760345451726,,
"[1, 2, 3, 3, 2]", -122.478384586504,37.742986500146,,
"[1, 0, 1, 0, 0]", -122.417488323647,37.7651818039951,,
"[0, 1, 0, 1, 1]", -122.41878651512,37.781478802561,,
"[0, 1, 0, 1, 1]", -122.416642370005,37.787245037815,,
"[1, 0, 1, 0, 0]", -122.414545329128,37.7580855289019,,
"[0, 1, 0, 1, 1]", -122.427230236355,37.7892650179256,,
"[1, 0, 1, 0, 0]", -122.428951613741,37.766799959982,,
"[0, 1, 3, 3, 2]", -122.454977573773,37.7766577484493,,
"[0, 1, 0, 1, 1]", -122.419486234049,37.7887480806774,,
"[1, 0, 1, 0, 0]", -122.407759885054,37.7584967909445,,
"[0, 1, 0, 1, 1]", -122.414095273241,37.7903846918452,,
"[0, 1, 0, 1, 1]", -122.422139511495,37.7894107633228,,
"[0, 1, 0, 1, 1]", -122.422607570621,37.7874958858305,,
"[0, 1, 0, 1, 1]", -122.420753848399,37.7866670084912,,
"[0, 1, 0, 4, 5]", -122.407016490971,37.7773996401842,,
"[0, 1, 0, 1, 1]", -122.419888578154,37.7907353817044,,
"[1, 2, 2, 2, 4]", -122.452289660492,37.7256933575703,,
"[1, 0, 1, 0, 0]", -122.419520367886,37.764228935718,,
"[0, 1, 0, 4, 5]", -122.392347671978,37.7890603555993,,
"[1, 0, 1, 0, 0]", -122.401711340039,37.7667732830447,,
"[1, 0, 1, 0, 0]", -122.417817852676,37.7578884408086,,
"[1, 0, 1, 0, 0]", -122.419671780296,37.7650501214668,,
"[0, 1, 0, 4, 5]", -122.411490839882,37.7864683433591,,
"[0, 1, 0, 1, 1]", -122.414619686906,37.785583058847,,
"[1, 0, 1, 0, 3]", -122.401771055489,37.7233932851873,,
"[0, 1, 0, 1, 1]", -122.423572929852,37.7885214703257,,
"[0, 1, 0, 4, 5]", -122.408944391769,37.7862958832896,,
"[1, 2, 3, 3, 2]", -122.477309120603,37.7654460715825,,
"[1, 0, 1, 0, 0]", -122.414394078892,37.7564874116443,,
"[0, 1, 0, 1, 1]", -122.417622321017,37.7837762385455,,
"[1, 0, 1, 0, 0]", -122.413445535807,37.7646370171813,,
"[1, 2, 3, 3, 2]", -122.509134839191,37.7611977677632,,
"[1, 0, 1, 0, 0]", -122.407538332319,37.7657827544276,,
"[0, 1, 0, 1, 1]", -122.427042151546,37.8011054678398,,
"[1, 0, 1, 0, 0]", -122.415155941062,37.7636979308928,,
"[0, 1, 0, 1, 1]", -122.421534860062,37.7905261965099,,
"[1, 0, 1, 0, 0]", -122.416025191375,37.7556559648941,,
"[0, 1, 0, 1, 1]", -122.419274801449,37.7835680535207,,
"[1, 0, 1, 0, 0]", -122.419560437891,37.7521716091766,,
"[1, 2, 3, 3, 2]", -122.491738617949,37.7563548658203,,
"[0, 1, 0, 1, 1]", -122.418274171667,37.7870372043456,,
"[1, 2, 3, 3, 2]", -122.495723231894,37.775733231644,,
"[0, 1, 0, 1, 1]", -122.420042095728,37.7870450616857,,
"[0, 1, 0, 4, 5]", -122.406520987144,37.7850629421661,,
"[0, 1, 0, 1, 1]", -122.415972165351,37.7853565142343,,
"[0, 1, 0, 1, 1]", -122.422048136471,37.7889562657672,,
"[1, 0, 1, 0, 0]", -122.417647884705,37.7668053842905,,
"[0, 1, 0, 1, 1]", -122.4245611166,37.7843677003184,,
"[1, 0, 1, 0, 0]", -122.418753848152,37.7562250119744,,
"[0, 1, 0, 1, 1]", -122.422695629365,37.7921733284528,,
"[1, 0, 1, 0, 0]", -122.41242272529,37.7648250318431,,
"[0, 1, 0, 1, 1]", -122.420691680799,37.7905770710308,,
"[0, 1, 0, 1, 1]", -122.441811628041,37.7990019436809,,
"[0, 1, 0, 1, 1]", -122.419366294797,37.7840280452032,,
"[1, 0, 1, 0, 0]", -122.393856471064,37.7646445464559,,
"[0, 1, 0, 1, 1]", -122.422139511488,37.7894107633457,,
"[0, 1, 0, 4, 5]", -122.407612885387,37.7884486019705,,
"[1, 0, 1, 0, 0]", -122.412502863683,37.7590272974542,,
"[1, 0, 1, 0, 0]", -122.411332885127,37.7642516851931,,
"[0, 1, 0, 1, 1]", -122.421195221815,37.7847536577561,,
"[1, 0, 1, 0, 0]", -122.408293237826,37.7637660004405,,
"[1, 0, 1, 0, 0]", -122.405455789224,37.7543370820935,,
"[1, 0, 1, 0, 3]", -122.404079633627,37.7108555177775,,
"[0, 2, 3, 3, 2]", -122.48459334029,37.7791138218919,,
"[0, 1, 0, 1, 1]", -122.424986680473,37.7909216376653,,
"[1, 0, 1, 0, 0]", -122.418656834239,37.7602134417458,,
"[0, 1, 0, 1, 1]", -122.42081470958,37.7836278720696,,
"[0, 1, 0, 1, 1]", -122.415754657302,37.7912067696606,,
"[1, 0, 1, 0, 0]", -122.416725586439,37.7579542740829,,
"[0, 1, 0, 1, 1]", -122.418872948234,37.7903268780521,,
"[1, 0, 1, 0, 0]", -122.427972178216,37.757291921351,,
"[1, 2, 3, 3, 2]", -122.496417011021,37.7617599775826,,
"[1, 0, 1, 0, 0]", -122.41156959248,37.7582649135041,,
"[0, 1, 0, 1, 1]", -122.415937762038,37.7921322486125,,
"[1, 0, 1, 0, 0]", -122.404499252326,37.7646644599554,,
"[0, 1, 0, 1, 1]", -122.427587021566,37.7829846991438,,
"[1, 0, 1, 0, 0]", -122.415348514404,37.7650058493722,,
"[0, 1, 0, 4, 5]", -122.40950430935,37.781526271747,,
"[0, 1, 0, 1, 1]", -122.422752178861,37.7879555522726,,
"[0, 1, 0, 1, 1]", -122.415535654454,37.7897874138811,,
"[1, 0, 1, 0, 0]", -122.415781281593,37.7588312134679,,
"[1, 2, 2, 2, 4]", -122.465214622219,37.7127653523638,,
"[0, 1, 0, 4, 5]", -122.402835528142,37.7868009028384,,
"[0, 1, 0, 1, 1]", -122.425008402476,37.7910301300802,,
"[0, 1, 0, 1, 1]", -122.413117804936,37.7906201757921,,
"[0, 1, 0, 1, 1]", -122.411702003165,37.7878718776438,,
"[0, 1, 0, 1, 1]", -122.418484652231,37.7877245364335,,
"[0, 1, 0, 4, 5]", -122.406886503606,37.7887345763527,,
"[0, 1, 0, 1, 1]", -122.422254494749,37.7773983117477,,
"[0, 1, 0, 4, 5]", -122.403404791479,37.775420706711,,
"[1, 0, 1, 0, 0]", -122.411486365645,37.7482978316728,,
"[1, 2, 3, 3, 2]", -122.476757162986,37.75701549838,,
"[0, 1, 0, 1, 1]", -122.421254202268,37.7859235669023,,
"[1, 0, 1, 0, 0]", -122.418486296582,37.7634954373189,,
"[0, 1, 0, 4, 5]", -122.408431861057,37.7887772719153,,
"[0, 1, 0, 4, 5]", -122.40410307591,37.7792573260376,,
"[0, 1, 0, 1, 1]", -122.417710344726,37.7842362877887,,
"[1, 0, 1, 0, 0]", -122.412296739398,37.7641921009332,,
"[0, 1, 0, 1, 1]", -122.421762501799,37.7875490094886,,
"[1, 0, 1, 0, 0]", -122.416413527535,37.7539671219476,,
"[1, 0, 1, 0, 0]", -122.416010580082,37.7669590343593,,
"[1, 2, 2, 2, 4]", -122.477524721769,37.7184336095664,,
"[0, 1, 0, 1, 1]", -122.419234662317,37.7757784176924,,
"[1, 0, 1, 0, 0]", -122.424873511257,37.7606814128072,,
"[0, 1, 0, 1, 1]", -122.419011059775,37.7864062283804,,
"[0, 1, 0, 4, 5]", -122.398777521037,37.7847542290041,,
"[1, 0, 1, 0, 0]", -122.419350173229,37.7610160912056,,
"[1, 0, 1, 0, 0]", -122.419623543912,37.7602652229581,,
"[0, 1, 0, 1, 1]", -122.416075285051,37.7844496612791,,
"[0, 1, 0, 4, 5]", -122.407114491118,37.7899019822508,,
"[0, 1, 0, 1, 1]", -122.437850882558,37.7837174333803,,
"[1, 0, 1, 0, 0]", -122.419515708414,37.7634292328542,,
"[1, 0, 1, 0, 0]", -122.400636718424,37.7648971146613,,
"[1, 0, 1, 0, 0]", -122.405251765863,37.7515249573047,,
"[1, 0, 1, 0, 3]", -122.403595293514,37.7276340992506,,
"[0, 1, 0, 1, 1]", -122.423690269052,37.7887454424621,,
"[1, 0, 1, 0, 0]", -122.406430510211,37.7645480851451,,
"[0, 1, 0, 1, 1]", -122.41185703254,37.7883235449904,,
"[0, 1, 0, 1, 1]", -122.42105687821,37.7923840813583,,
"[0, 1, 0, 1, 1]", -122.423404604063,37.7873381901532,,
"[0, 1, 0, 4, 5]", -122.394102624525,37.7763827130285,,
"[0, 1, 0, 1, 1]", -122.423785184874,37.7892026280853,,
"[1, 0, 1, 4, 5]", -122.401658145147,37.7718165835839,,
"[1, 0, 1, 0, 0]", -122.420226290188,37.7665942916839,,
"[1, 0, 1, 0, 0]", -122.434457353955,37.7609766090845,,
"[1, 0, 1, 0, 0]", -122.419843759487,37.7585838119382,,
"[1, 0, 1, 0, 0]", -122.416569016036,37.755568796919,,
"[1, 2, 3, 3, 2]", -122.480891910615,37.7549642843576,,
"[0, 1, 0, 1, 1]", -122.41903911933,37.7907880214451,,
"[0, 1, 0, 1, 1]", -122.419641420436,37.78543273137,,
"[1, 0, 1, 0, 0]", -122.41965834371,37.7642205603745,,
"[0, 1, 0, 1, 1]", -122.417001264624,37.7946539813491,,
"[0, 1, 0, 1, 1]", -122.420120319211,37.7877570602182,,
"[1, 0, 1, 0, 0]", -122.420506814667,37.7505052869191,,
"[1, 0, 1, 0, 0]", -122.418820542336,37.7619234801079,,
"[0, 1, 0, 1, 1]", -122.42780785121,37.7924249809652,,
"[1, 0, 1, 0, 0]", -122.404627928351,37.7652945971033,,
"[1, 2, 3, 3, 2]", -122.492316502247,37.7423737279324,,
"[0, 1, 0, 1, 1]", -122.433469587749,37.7954335464852,,
"[0, 1, 0, 1, 1]", -122.43028553713,37.8004551160034,,
"[1, 0, 1, 0, 0]", -122.412190122464,37.7550119658043,,
"[0, 1, 0, 4, 5]", -122.408040474858,37.7864094033618,,
"[1, 0, 1, 0, 3]", -122.387313799871,37.7395687066051,,
"[0, 1, 0, 1, 1]", -122.420211964957,37.7882225424034,,
"[1, 0, 1, 0, 0]", -122.406872049172,37.7600064711388,,
"[0, 1, 0, 1, 1]", -122.419000308188,37.7927001851609,,
"[0, 1, 0, 1, 1]", -122.419930111611,37.7868262082156,,
"[0, 1, 0, 1, 1]", -122.42205542682,37.7930977033028,,
"[1, 0, 1, 0, 0]", -122.415605496237,37.7677177520665,,
"[0, 1, 0, 1, 1]", -122.422935627442,37.780768561095,,
"[0, 1, 0, 1, 1]", -122.43742429927,37.7982776199425,,
"[0, 1, 0, 1, 1]", -122.420713728356,37.7910545718408,,
"[0, 1, 0, 1, 1]", -122.415064887666,37.7764354063246,,
"[1, 0, 1, 0, 0]", -122.41796448376,37.7586968166489,,
"[0, 1, 0, 1, 1]", -122.41931732407,37.7879136979106,,
"[0, 1, 0, 1, 1]", -122.433177215492,37.790897082336,,
"[1, 0, 1, 0, 0]", -122.404505574379,37.7595850478901,,
"[1, 0, 1, 0, 0]", -122.415390565092,37.7605208373697,,
"[0, 1, 0, 1, 1]", -122.412782236976,37.8056654684523,,
"[1, 0, 1, 0, 0]", -122.409872122599,37.7598218932859,,
"[1, 0, 1, 0, 0]", -122.417488323639,37.7651818039906,,
"[1, 2, 3, 3, 2]", -122.480070771196,37.7606096787079,,
"[1, 0, 1, 0, 0]", -122.420955639384,37.7544795194741,,
"[0, 1, 0, 1, 1]", -122.430007139056,37.7869900308263,,
"[0, 1, 0, 1, 1]", -122.435769968101,37.7942140503784,,
"[1, 0, 1, 0, 0]", -122.40424331738,37.7518459968875,,
"[1, 2, 2, 2, 4]", -122.460301750924,37.7242085322705,,
"[0, 1, 0, 1, 1]", -122.4178091031,37.7847098968616,,
"[0, 1, 0, 1, 1]", -122.413609328985,37.784696907904,,
"[0, 1, 0, 4, 5]", -122.410882825551,37.7879209375533,,
"[1, 0, 1, 0, 0]", -122.423001696251,37.7649050761616,,
"[1, 0, 1, 0, 0]", -122.410761834615,37.7591351966531,,
"[0, 1, 0, 1, 1]", -122.435202377987,37.7872742465549,,
"[1, 0, 2, 2, 3]", -122.436744444673,37.723809628217,,
"[0, 1, 0, 1, 1]", -122.414955526873,37.7913636073531,,
"[0, 1, 0, 1, 1]", -122.420733535596,37.7824263044505,,
"[1, 0, 1, 0, 0]", -122.414849773204,37.7612879252311,,
"[0, 1, 0, 4, 5]", -122.39653429335,37.7918058846049,,
"[0, 2, 3, 3, 2]", -122.470849239209,37.7816664570033,,
"[0, 1, 0, 1, 1]", -122.419549568783,37.7849590112628,,
"[0, 1, 0, 4, 5]", -122.410059855891,37.7880825340178,,
"[1, 2, 3, 3, 2]", -122.486144343227,37.7463849390552,,
"[1, 0, 1, 0, 0]", -122.406604919508,37.7571580431915,,
"[1, 0, 1, 0, 0]", -122.416482528135,37.7604549121091,,
"[0, 1, 0, 1, 1]", -122.444148797257,37.7770048241397,,
"[0, 1, 0, 4, 5]", -122.401817240144,37.788440503956,,
"[1, 0, 1, 0, 0]", -122.435002864298,37.7608878061194,,
"[1, 2, 3, 3, 2]", -122.495731177017,37.7758429042134,,
"[1, 0, 1, 0, 0]", -122.422586141904,37.7720472598025,,
"[0, 1, 0, 1, 1]", -122.432764365612,37.8002576984272,,
"[0, 1, 0, 4, 5]", -122.40260260964,37.7923930433863,,
"[0, 1, 0, 1, 1]", -122.42377164009,37.7768378928452,,
"[0, 1, 0, 1, 1]", -122.421949487547,37.7884881521135,,
"[1, 0, 1, 0, 0]", -122.406185128369,37.7619974241232,,
"[0, 1, 0, 1, 1]", -122.416259618965,37.8061861212668,,
"[1, 0, 1, 0, 0]", -122.418738265772,37.7546172382083,,
"[1, 2, 2, 2, 4]", -122.452716700987,37.7457451434135,,
"[1, 0, 1, 0, 0]", -122.408069870553,37.7599365264645,,
"[0, 1, 0, 1, 1]", -122.419225511064,37.7917052017931,,
"[0, 1, 0, 1, 1]", -122.42340460407,37.7873381901303,,
"[1, 2, 3, 3, 2]", -122.498249539173,37.7728459768605,,
"[0, 2, 3, 3, 2]", -122.471250258649,37.7805788608783,,
"[0, 1, 0, 1, 1]", -122.416293820935,37.777493677735,,
"[0, 1, 0, 1, 1]", -122.418951160054,37.7779227182608,,
"[1, 0, 1, 0, 0]", -122.419308328755,37.7554560834882,,
"[1, 0, 1, 0, 3]", -122.406071380877,37.7295927551236,,
"[1, 2, 3, 3, 2]", -122.504883710633,37.7530422085728,,
"[0, 1, 0, 1, 1]", -122.433533086649,37.783131565114,,
"[1, 0, 1, 0, 0]", -122.414371006272,37.7637969012832,,
"[1, 0, 1, 0, 0]", -122.415326257835,37.7548226306308,,
"[0, 1, 0, 1, 1]", -122.410845624227,37.7923158747647,,
"[1, 0, 1, 0, 0]", -122.418108925859,37.7594801325769,,
"[0, 1, 0, 1, 1]", -122.419930111618,37.7868262081927,,
"[1, 0, 1, 0, 0]", -122.415173665801,37.7524407589917,,
"[0, 1, 0, 4, 5]", -122.407382686506,37.7833716368249,,
"[1, 0, 1, 0, 0]", -122.403907054196,37.7634675915206,,
"[0, 1, 0, 4, 5]", -122.405065483077,37.7980134745487,,
"[1, 0, 1, 0, 0]", -122.422282409234,37.7535591785086,,
"[0, 1, 0, 1, 1]", -122.446640402477,37.7984867747515,,
"[1, 0, 1, 0, 3]", -122.391493955999,37.7351844916326,,
"[1, 0, 1, 0, 0]", -122.405586361659,37.7659022286452,,
"[0, 1, 0, 4, 5]", -122.408247356177,37.7878432562031,,
"[0, 1, 0, 1, 1]", -122.419458073153,37.7844990197997,,
"[1, 0, 1, 0, 3]", -122.389842625225,37.7400616822376,,
"[1, 0, 1, 0, 0]", -122.415929849555,37.7604330003799,,
"[0, 1, 0, 1, 1]", -122.439329634936,37.7819788533568,,
"[0, 1, 0, 1, 1]", -122.420332099593,37.7762075768262,,
"[0, 1, 0, 4, 5]", -122.407932868203,37.7815063666429,,
"[0, 1, 0, 1, 1]", -122.415444159886,37.7780245674641,,
"[1, 2, 2, 2, 4]", -122.441018108888,37.7164586830811,,
"[1, 0, 1, 0, 3]", -122.392491354959,37.7272476249861,,
"[0, 1, 0, 4, 5]", -122.404847847867,37.7951006528052,,
"[0, 1, 0, 1, 1]", -122.421196557636,37.7891192831765,,
"[1, 2, 3, 3, 2]", -122.481592052499,37.7427355500502,,
"[0, 1, 0, 1, 1]", -122.425966024744,37.7832452486459,,
"[1, 0, 1, 0, 0]", -122.411090794581,37.7617009781734,,
"[0, 1, 0, 1, 1]", -122.425237254252,37.7880691746198,,
"[0, 1, 0, 1, 1]", -122.4336336334,37.7959011208605,,
"[1, 0, 1, 0, 0]", -122.416878691323,37.7595544125236,,
"[0, 1, 0, 1, 1]", -122.41506687647,37.7835634796332,,
"[1, 0, 1, 0, 0]", -122.406553700757,37.7658426354415,,
"[0, 1, 0, 1, 1]", -122.415414178631,37.784476659022,,
"[1, 0, 1, 0, 0]", -122.41407332511,37.7516845989529,,
"[1, 0, 1, 0, 0]", -122.418272166422,37.7619029613022,,
"[1, 0, 1, 0, 0]", -122.420814360139,37.7537031921344,,
"[0, 1, 0, 1, 1]", -122.417583442187,37.7919214542944,,
"[1, 2, 3, 3, 2]", -122.509265276857,37.7630727687234,,
"[0, 1, 0, 1, 1]", -122.434558974708,37.7924709856169,,
"[1, 0, 1, 0, 0]", -122.415932937248,37.7612223329621,,
"[0, 1, 0, 1, 1]", -122.419104424644,37.7868764841608,,
"[1, 0, 1, 0, 0]", -122.413797083413,37.760274035239,,
"[0, 1, 0, 1, 1]", -122.424295891275,37.7833983074976,,
"[0, 1, 0, 1, 1]", -122.423598600861,37.7882799630246,,
"[0, 1, 0, 1, 1]", -122.419245149609,37.7921657913709,,
"[1, 0, 1, 0, 0]", -122.424518170349,37.7702994620519,,
"[0, 1, 0, 1, 1]", -122.414473958373,37.7932218231854,,
"[1, 0, 1, 0, 0]", -122.41235105536,37.7574310534979,,
"[1, 0, 1, 0, 0]", -122.417169894749,37.7611477647601,,
"[0, 2, 3, 3, 2]", -122.487943165485,37.7789620760745,,
"[1, 0, 1, 0, 0]", -122.400879514441,37.7674890283426,,
"[0, 2, 3, 3, 2]", -122.469628050956,37.7817199969291,,
"[0, 1, 0, 1, 1]", -122.42829665132,37.7906154616609,,
"[0, 1, 0, 1, 1]", -122.432743822617,37.7838424505847,,
"[0, 1, 0, 1, 1]", -122.419062415432,37.7912635361132,,
"[0, 1, 0, 4, 5]", -122.408673540372,37.7800574377607,,
"[0, 1, 0, 1, 1]", -122.435218147193,37.7998288660666,,
"[1, 0, 1, 0, 0]", -122.403416130411,37.7634458455545,,
"[0, 1, 0, 1, 1]", -122.417085357424,37.7852153590471,,
"[1, 0, 1, 0, 0]", -122.418963082325,37.7584203036531,,
"[0, 1, 0, 1, 1]", -122.420605323663,37.7943011060723,,
"[1, 0, 1, 0, 0]", -122.421243015587,37.7589232154339,,
"[0, 2, 3, 3, 2]", -122.481377789138,37.7792533427041,,
"[0, 1, 0, 1, 1]", -122.418182397674,37.7865662290665,,
"[0, 1, 0, 1, 1]", -122.418562097105,37.7841847091303,,
"[0, 1, 0, 1, 1]", -122.41827417166,37.7870372043685,,
"[1, 0, 1, 0, 0]", -122.400966701986,37.7589370511593,,
"[1, 0, 1, 0, 0]", -122.408427407542,37.7644278689168,,
"[0, 1, 0, 1, 1]", -122.419950057632,37.7865904778229,,
"[1, 0, 1, 0, 0]", -122.426726298223,37.7630551847744,,
"[1, 0, 1, 0, 0]", -122.403537681373,37.7640678651588,,
"[0, 1, 0, 1, 1]", -122.422163485022,37.7886856403758,,
"[0, 1, 0, 4, 5]", -122.409660751795,37.7864394524764,,
"[1, 0, 1, 0, 0]", -122.422622494524,37.7725038687456,,
"[0, 1, 0, 1, 1]", -122.417392830341,37.7909741243362,,
"[1, 2, 3, 3, 2]", -122.477550339518,37.7617306685222,,
"[0, 1, 0, 1, 1]", -122.420896415028,37.7919567788031,,
"[1, 0, 1, 0, 0]", -122.420434724561,37.7633758058104,,
"[0, 1, 0, 1, 1]", -122.420691680792,37.7905770710537,,
"[1, 0, 1, 0, 0]", -122.413223677379,37.7606516283546,,
"[0, 1, 0, 1, 1]", -122.419739837813,37.7858926099486,,
"[1, 0, 1, 0, 0]", -122.414845139214,37.7605000726041,,
"[1, 2, 3, 3, 2]", -122.499318733675,37.7727970777258,,
"[0, 1, 0, 1, 1]", -122.415434713819,37.7939455886301,,
"[0, 1, 0, 1, 1]", -122.418368839172,37.7874861572042,,
"[1, 0, 1, 0, 0]", -122.419058868103,37.7594227506297,,
"[0, 1, 0, 1, 1]", -122.418219833881,37.7908244663738,,
"[1, 0, 1, 0, 0]", -122.417970955091,37.7594884557036,,
"[0, 1, 0, 1, 1]", -122.418918390218,37.7859407304209,,
"[0, 1, 0, 1, 1]", -122.417555588136,37.7921390492272,,
"[1, 2, 3, 3, 2]", -122.503945310174,37.7464619536997,,
"[0, 1, 0, 1, 1]", -122.423049294192,37.7939338236045,,
"[1, 0, 1, 0, 0]", -122.402332861378,37.7615735216783,,
"[1, 0, 1, 0, 0]", -122.410488829308,37.7656058638705,,
"[0, 1, 0, 1, 1]", -122.417019320691,37.7891095538736,,
"[0, 1, 0, 1, 1]", -122.425423929287,37.7889945828729,,
"[0, 1, 0, 1, 1]", -122.423227151585,37.7948173520031,,
"[0, 1, 0, 4, 5]", -122.408593310809,37.7895598700784,,
"[0, 1, 0, 1, 1]", -122.422516966616,37.7912889898479,,
"[0, 1, 0, 1, 1]", -122.418562843433,37.7884306841107,,
"[1, 0, 1, 0, 0]", -122.41561633832,37.7685360123583,,
"[0, 1, 0, 1, 1]", -122.421648984394,37.7861425696729,,
"[1, 0, 1, 0, 0]", -122.417323188551,37.7627500212999,,
"[0, 1, 0, 4, 5]", -122.400180243618,37.7913046529243,,
"[1, 0, 1, 0, 3]", -122.390703943909,37.7404830101734,,
"[0, 1, 0, 4, 5]", -122.407844136792,37.7767462195389,,
"[1, 0, 1, 0, 3]", -122.404304136216,37.7442180802683,,
"[1, 2, 3, 3, 2]", -122.488549779228,37.7415296053051,,
"[1, 0, 1, 0, 0]", -122.412584196878,37.7678206276485,,
"[1, 2, 3, 3, 2]", -122.492708772491,37.7394765462922,,
"[1, 0, 1, 0, 0]", -122.411182350223,37.7591632978171,,
"[0, 1, 0, 1, 1]", -122.42315068625,37.7953061262191,,
"[0, 1, 0, 1, 1]", -122.440148637784,37.7992028073615,,
"[1, 2, 3, 3, 2]", -122.491956779206,37.7768766735218,,
"[0, 1, 0, 4, 5]", -122.408595110869,37.7837069301545,,
"[1, 0, 1, 0, 0]", -122.414389290829,37.7557003660169,,
"[1, 0, 1, 0, 0]", -122.400883970057,37.7668228889566,,
"[1, 0, 1, 0, 0]", -122.415308388816,37.765316135635,,
"[0, 1, 0, 1, 1]", -122.436328202384,37.8017515400431,,
"[0, 1, 0, 1, 1]", -122.419016755254,37.7865167265223,,
"[1, 2, 2, 2, 4]", -122.450929424436,37.7225208462244,,
"[0, 1, 0, 1, 1]", -122.428371655353,37.7828293038377,,
"[1, 2, 3, 3, 2]", -122.471881751236,37.7497477550769,,
"[1, 0, 1, 0, 0]", -122.410365570579,37.7643113176295,,
"[1, 0, 2, 2, 3]", -122.420556751442,37.7108945814914,,
"[0, 1, 0, 1, 1]", -122.423413057205,37.795737109246,,
"[1, 0, 1, 0, 0]", -122.415873491231,37.7653356122581,,
"[1, 0, 1, 0, 0]", -122.416389710291,37.7652491154428,,
"[0, 1, 0, 4, 5]", -122.412447373124,37.775633673443,,
"[1, 2, 2, 2, 4]", -122.472972400524,37.7132391314398,,
"[0, 1, 0, 1, 1]", -122.416893710739,37.7842860480389,,
"[1, 0, 1, 0, 0]", -122.419561596094,37.7632161069131,,
"[1, 0, 1, 0, 0]", -122.400519478754,37.762966316699,,
"[1, 0, 1, 0, 0]", -122.41844919178,37.7530267515876,,
"[1, 0, 1, 0, 0]", -122.418124262331,37.7610901240738,,
"[0, 1, 0, 4, 5]", -122.396062368554,37.7815744448753,,
"[0, 1, 0, 4, 5]", -122.408496298209,37.786296190453,,
"[0, 1, 0, 1, 1]", -122.416733654434,37.7910106630521,,
"[1, 0, 1, 0, 0]", -122.410078544842,37.7725264934261,,
"[0, 1, 0, 4, 5]", -122.400316057286,37.790099627367,,
"[0, 1, 0, 1, 1]", -122.414457764634,37.7765080370233,,
"[1, 2, 3, 3, 2]", -122.496698219763,37.7523946421253,,
"[0, 1, 0, 4, 5]", -122.411071423064,37.7817511307229,,
"[1, 0, 1, 0, 0]", -122.415686183131,37.7636111708805,,
"[1, 0, 1, 0, 0]", -122.391178496624,37.7577699479315,,
"[1, 0, 1, 0, 0]", -122.409159618012,37.7618174293933,,
"[0, 1, 0, 4, 5]", -122.405539467869,37.7962176298952,,
"[0, 1, 0, 1, 1]", -122.421033090567,37.79193935048,,
"[0, 1, 0, 1, 1]", -122.414433155063,37.7846576329256,,
"[0, 1, 0, 1, 1]", -122.413564091744,37.779514030063,,
"[0, 1, 0, 1, 1]", -122.420592674438,37.785841624062,,
"[1, 0, 1, 0, 0]", -122.407282307621,37.7577882299664,,
"[1, 0, 1, 0, 0]", -122.421701514338,37.7736412159642,,
"[1, 0, 1, 0, 0]", -122.403394234504,37.7538078714464,,
"[0, 1, 0, 1, 1]", -122.415821891164,37.7872932910877,,
"[1, 0, 1, 0, 0]", -122.402813804315,37.7667073708042,,
"[0, 1, 0, 1, 1]", -122.41288317794,37.7853530358707,,
"[0, 1, 0, 4, 5]", -122.409523740653,37.7857602954934,,
"[0, 1, 0, 4, 5]", -122.409129633669,37.7838066631424,,
"[0, 1, 0, 1, 1]", -122.424621298288,37.8008471613988,,
"[0, 1, 0, 1, 1]", -122.433800051784,37.7898100005704,,
"[0, 1, 0, 1, 1]", -122.423976158276,37.7901609310159,,
"[1, 0, 1, 0, 0]", -122.405468775906,37.7639259195338,,
"[0, 1, 0, 1, 1]", -122.417862646124,37.7890622568065,,
"[1, 0, 1, 0, 0]", -122.418279075012,37.7498209864471,,
"[0, 1, 0, 4, 5]", -122.412904380868,37.7759981805312,,
"[0, 1, 0, 1, 1]", -122.42049728879,37.789618819255,,
"[0, 2, 3, 3, 2]", -122.472707844576,37.7777528844693,,
"[0, 1, 0, 1, 1]", -122.419381825804,37.792148360458,,
"[0, 1, 0, 1, 1]", -122.414056291891,37.7827931071006,,
"[0, 1, 0, 1, 1]", -122.417650682357,37.7880158477339,,
"[0, 1, 0, 1, 1]", -122.419739837805,37.7858926099715,,
"[1, 0, 1, 0, 3]", -122.396464970114,37.7208979952595,,
"[0, 1, 0, 1, 1]", -122.41604728066,37.7839824654149,,
"[1, 0, 1, 0, 3]", -122.404715339655,37.7301607832628,,
"[1, 0, 1, 0, 0]", -122.414693065264,37.7588955947618,,
"[0, 1, 0, 1, 1]", -122.421483131371,37.7854421872655,,
"[1, 2, 2, 2, 4]", -122.447095289615,37.7111225502685,,
"[1, 0, 1, 0, 0]", -122.419268840041,37.7480322172379,,
"[1, 2, 3, 3, 2]", -122.49803444236,37.7542031661459,,
"[0, 1, 0, 1, 1]", -122.41849248154,37.7964253273677,,
"[0, 1, 0, 1, 1]", -122.423544081104,37.7921222370469,,
"[1, 0, 1, 0, 0]", -122.411586687279,37.7661903022438,,
"[1, 0, 1, 0, 0]", -122.421644478447,37.7429970144076,,
"[1, 0, 1, 0, 0]", -122.410416664036,37.7727234013654,,
"[1, 2, 3, 3, 2]", -122.488392865563,37.7546337417533,,
"[0, 1, 0, 1, 1]", -122.421319145498,37.7894600151705,,
"[0, 1, 0, 4, 5]", -122.408550681867,37.7773885566219,,
"[0, 1, 0, 1, 1]", -122.436749299319,37.7866005732609,,
"[1, 0, 1, 0, 0]", -122.413756897616,37.7605644452279,,
"[1, 0, 1, 0, 0]", -122.420580440111,37.7649968622937,,
"[1, 2, 3, 3, 2]", -122.465880551588,37.7743199990516,,
"[0, 1, 0, 1, 1]", -122.420231590619,37.78798096196,,
"[1, 0, 1, 0, 0]", -122.42109970654,37.7632815650321,,
"[1, 0, 1, 0, 0]", -122.419074754954,37.7667189830239,,
"[0, 1, 0, 1, 1]", -122.420021471047,37.7872807076108,,
"[0, 1, 0, 1, 1]", -122.416992162344,37.7886442171326,,
"[1, 0, 1, 0, 0]", -122.405210474568,37.7517864145606,,
"[0, 1, 0, 1, 1]", -122.413856144893,37.7942674004219,,
"[1, 0, 1, 0, 0]", -122.406173615078,37.7626173568918,,
"[0, 1, 0, 1, 1]", -122.414619686913,37.7855830588241,,
"[1, 0, 1, 0, 0]", -122.416784837447,37.7636581557579,,
"[1, 0, 1, 0, 0]", -122.41314231312,37.7541658571765,,
"[0, 1, 0, 1, 1]", -122.418729600557,37.785007503993,,
"[1, 2, 3, 3, 2]", -122.477445303401,37.7449003145452,,
"[0, 1, 0, 1, 1]", -122.414390137578,37.7885452792081,,
"[0, 1, 0, 1, 1]", -122.419274801456,37.7835680534978,,
"[0, 1, 0, 1, 1]", -122.424442028878,37.7882271832363,,
"[0, 1, 0, 1, 1]", -122.415885065788,37.7835160564153,,
"[0, 1, 0, 1, 1]", -122.418844748098,37.7898297669592,,
"[1, 0, 1, 0, 0]", -122.423214612235,37.7543474192368,,
"[1, 0, 1, 0, 0]", -122.421581681378,37.7617007179563,,
"[1, 0, 1, 0, 3]", -122.400382503807,37.7226343682484,,
"[0, 1, 0, 1, 1]", -122.429450115467,37.7922168233794,,
"[0, 1, 0, 4, 5]", -122.407633520742,37.7841893501425,,
"[0, 1, 0, 1, 1]", -122.417368206741,37.7905094151595,,
"[1, 0, 1, 0, 0]", -122.411346390261,37.7604595002625,,
"[0, 2, 3, 3, 2]", -122.482203894121,37.7820747247744,,
"[1, 0, 1, 0, 3]", -122.392004361988,37.7374889451827,,
"[0, 1, 0, 1, 1]", -122.422798099292,37.7884369070288,,
"[0, 1, 0, 4, 5]", -122.411302813025,37.7855355791102,,
"[0, 1, 0, 1, 1]", -122.414317857881,37.7799444052046,,
"[1, 0, 1, 0, 0]", -122.412297249417,37.7604010749695,,
"[0, 1, 0, 1, 1]", -122.449270249196,37.7846856432993,,
"[1, 2, 2, 2, 4]", -122.483904120247,37.7184872987286,,
"[1, 0, 1, 0, 0]", -122.419360352761,37.7618358012376,,
"[0, 1, 0, 1, 1]", -122.41799760821,37.7769551138436,,
"[1, 0, 1, 0, 0]", -122.417028392114,37.7603656931618,,
"[0, 1, 3, 3, 2]", -122.45886061567,37.7812550935484,,
"[1, 0, 1, 0, 0]", -122.413285564886,37.7638980126745,,
"[0, 1, 0, 4, 5]", -122.36493749408,37.8102044406285,,
"[1, 0, 1, 0, 0]", -122.417413347097,37.7586764833002,,
"[0, 1, 0, 1, 1]", -122.419183096369,37.7830998244363,,
"[0, 1, 0, 1, 1]", -122.417805281259,37.7961931796338,,
"[0, 1, 0, 1, 1]", -122.422062730264,37.7899200014841,,
"[1, 0, 1, 0, 0]", -122.419480971335,37.7667494806481,,
"[0, 1, 0, 4, 5]", -122.407877787733,37.7859680076775,,
"[1, 2, 3, 3, 2]", -122.487336121018,37.7480937062635,,
"[0, 1, 0, 1, 1]", -122.41720963943,37.7900459017168,,
"[1, 0, 1, 0, 0]", -122.418513905576,37.7587201899841,,
"[1, 0, 1, 0, 0]", -122.409529913278,37.7657184395282,,
"[0, 1, 0, 4, 5]", -122.388888409512,37.7883279710132,,
"[1, 0, 1, 0, 0]", -122.417339031772,37.7643660722829,,
"[0, 1, 0, 1, 1]", -122.420285729368,37.788940782957,,
"[0, 1, 0, 1, 1]", -122.417841550946,37.7889536872317,,
"[0, 1, 0, 1, 1]", -122.419508197521,37.7888565421382,,
"[0, 1, 0, 1, 1]", -122.422717172324,37.8006252106028,,
"[1, 0, 1, 0, 0]", -122.409024621045,37.7611721822448,,
"[0, 1, 0, 4, 5]", -122.411800134753,37.7840890366868,,
"[1, 2, 3, 3, 2]", -122.48932270165,37.7611024145691,,
"[1, 2, 2, 2, 4]", -122.473064099314,37.7122982509145,,
"[0, 1, 0, 1, 1]", -122.421441956086,37.7868516471087,,
"[0, 1, 0, 1, 1]", -122.417146843843,37.7814463501111,,
"[0, 1, 0, 4, 5]", -122.406669739951,37.7978641744394,,
"[1, 0, 1, 0, 0]", -122.418764175215,37.743704102687,,
"[1, 0, 1, 0, 0]", -122.417445475116,37.7654718923359,,
"[1, 0, 1, 0, 0]", -122.421935077177,37.7661343875141,,
"[0, 1, 0, 1, 1]", -122.420190324599,37.7884695862298,,
"[1, 0, 1, 0, 0]", -122.412051228029,37.7616441977496,,
"[0, 1, 0, 1, 1]", -122.437846846552,37.7920516568944,,
"[1, 0, 1, 0, 0]", -122.413591695561,37.7638222259421,,
"[0, 1, 0, 1, 1]", -122.423907410647,37.7990497607213,,
"[0, 1, 0, 1, 1]", -122.421949487554,37.7884881520906,,
"[0, 1, 0, 1, 1]", -122.423340546898,37.7962454397193,,
"[1, 0, 1, 0, 0]", -122.417016663517,37.7595460924587,,
"[1, 0, 1, 0, 0]", -122.39833921177,37.7517586856968,,
"[0, 1, 0, 1, 1]", -122.415694922141,37.7825851968238,,
"[1, 0, 1, 0, 0]", -122.415132425046,37.7641898631111,,
"[1, 0, 1, 0, 0]", -122.421047623733,37.7601791935819,,
"[0, 1, 0, 1, 1]", -122.412439198419,37.7877227389961,,
"[1, 0, 1, 0, 0]", -122.412502863675,37.7590272974496,,
"[0, 1, 0, 1, 1]", -122.429271514868,37.7913379864869,,
"[0, 1, 0, 1, 1]", -122.417392830334,37.7909741243591,,
"[1, 2, 3, 3, 2]", -122.506298461953,37.7734860069743,,
"[1, 0, 1, 0, 0]", -122.415629332453,37.7572322279186,,
"[0, 1, 0, 4, 5]", -122.410509258795,37.7860432222992,,
"[1, 0, 1, 0, 0]", -122.419018144895,37.7522051632838,,
"[0, 1, 0, 1, 1]", -122.414270420538,37.7918797836523,,
"[0, 1, 0, 1, 1]", -122.416855510185,37.7886617324098,,
"[1, 0, 1, 0, 3]", -122.391269033034,37.7398531385507,,
"[1, 2, 2, 2, 4]", -122.463597480953,37.725669186459,,
"[0, 1, 0, 1, 1]", -122.420850403389,37.7910371428072,,
"[0, 1, 0, 1, 1]", -122.419009629014,37.7903094888924,,
"[1, 0, 1, 0, 0]", -122.410964638346,37.7604284539394,,
"[1, 2, 2, 2, 4]", -122.455191970394,37.7209593589555,,
"[0, 1, 0, 1, 1]", -122.412969489288,37.7839407423872,,
"[0, 1, 0, 1, 1]", -122.420232223427,37.7924319218554,,
"[0, 1, 0, 1, 1]", -122.42115446602,37.7886465686704,,
"[1, 2, 3, 3, 2]", -122.487317234161,37.7546809415437,,
"[0, 1, 0, 4, 5]", -122.408068345155,37.7839916767932,,
"[0, 1, 0, 1, 5]", -122.411540447656,37.78740983565,,
"[0, 1, 0, 1, 1]", -122.419423819905,37.7930471195335,,
"[0, 1, 0, 1, 1]", -122.41417943719,37.787502483207,,
"[1, 0, 1, 0, 0]", -122.405221227259,37.7620542126653,,
"[0, 1, 0, 1, 1]", -122.417688009568,37.784481757201,,
"[0, 1, 0, 4, 5]", -122.409348511929,37.7956864908994,,
"[0, 1, 0, 4, 5]", -122.404956956375,37.7851178563953,,
"[0, 1, 0, 1, 1]", -122.421056878203,37.7923840813812,,
"[0, 1, 0, 1, 1]", -122.413684555167,37.7777984628537,,
"[1, 0, 1, 0, 0]", -122.412833234739,37.7667517625306,,
"[0, 1, 0, 4, 5]", -122.403915681571,37.790538993725,,
"[0, 1, 0, 1, 1]", -122.422330464205,37.7903690688591,,
"[0, 1, 0, 1, 1]", -122.418368839165,37.7874861572271,,
"[0, 1, 0, 4, 5]", -122.409256096494,37.788239899778,,
"[1, 0, 1, 0, 0]", -122.414593171104,37.7491990535295,,
"[1, 0, 1, 0, 0]", -122.4018434894,37.7674322753647,,
"[0, 1, 0, 1, 1]", -122.417594247706,37.7840149232554,,
"[1, 0, 1, 0, 0]", -122.40928608966,37.7624352839371,,
"[1, 0, 1, 0, 0]", -122.419560994995,37.752959256266,,
"[1, 0, 1, 0, 0]", -122.415632296062,37.7580201625156,,
"[0, 1, 0, 1, 1]", -122.425356743295,37.8010805119223,,
"[1, 2, 3, 3, 2]", -122.480266610436,37.7391666705037,,
"[0, 1, 0, 1, 1]", -122.41275532583,37.7867259286124,,
"[0, 1, 0, 4, 5]", -122.392925908483,37.7909162093657,,
"[0, 1, 0, 1, 1]", -122.417885441042,37.7854378471968,,
"[0, 1, 0, 4, 5]", -122.405063026261,37.7846196499712,,
"[0, 1, 0, 1, 1]", -122.433976113735,37.7906842032123,,
"[0, 1, 0, 1, 1]", -122.427424213324,37.7902050207261,,
"[0, 1, 0, 1, 1]", -122.412857126524,37.7855804361702,,
"[1, 0, 1, 0, 0]", -122.412483263488,37.7706305910821,,
"[0, 1, 0, 1, 1]", -122.41336730038,37.7960828297397,,
"[1, 0, 1, 0, 0]", -122.415464220212,37.7548143096921,,
"[1, 2, 2, 2, 4]", -122.474827215453,37.7175158906268,,
"[0, 1, 0, 1, 1]", -122.414010814727,37.7866770011071,,
"[1, 0, 1, 0, 0]", -122.413045094052,37.7589402059414,,
"[1, 0, 1, 0, 0]", -122.414222704763,37.7653250853262,,
"[0, 1, 0, 1, 1]", -122.421203512,37.7854812046447,,
"[1, 0, 1, 0, 0]", -122.412173946265,37.7629167766586,,
"[0, 1, 0, 1, 1]", -122.420523936293,37.7901172490517,,
"[0, 1, 0, 4, 5]", -122.403904788667,37.7941711832627,,
"[1, 0, 1, 0, 0]", -122.415783592856,37.7596204259953,,
"[1, 0, 1, 0, 0]", -122.411322534377,37.7648913617842,,
"[0, 1, 0, 1, 1]", -122.419159190984,37.7833430636234,,
"[1, 0, 1, 0, 0]", -122.409770376764,37.7591952167452,,
"[0, 1, 0, 1, 1]", -122.414295532568,37.7923429638305,,
"[1, 0, 1, 0, 0]", -122.40534361791,37.7633185612716,,
"[0, 1, 0, 1, 1]", -122.426508142005,37.7859342571796,,
"[1, 0, 1, 0, 0]", -122.415006371078,37.7628868984894,,
"[0, 2, 3, 3, 2]", -122.474537357468,37.7804347566903,,
"[0, 1, 0, 1, 1]", -122.432492300867,37.781889129386,,
"[0, 1, 0, 4, 5]", -122.401692264348,37.7860646749873,,
"[0, 1, 0, 1, 1]", -122.42019129512,37.7838703920898,,
"[1, 0, 1, 0, 0]", -122.402561060246,37.7545129537862,,
"[0, 1, 0, 1, 1]", -122.424519835009,37.7928412840447,,
"[0, 1, 0, 1, 1]", -122.418658294837,37.7889098399192,,
"[1, 0, 1, 0, 0]", -122.41158050778,37.7590834645633,,
"[0, 1, 0, 1, 1]", -122.422175829525,37.7983109408384,,
"[1, 0, 1, 0, 0]", -122.417577215102,37.7603888134229,,
"[0, 1, 0, 1, 1]", -122.42169895424,37.7913361434449,,
"[1, 0, 1, 0, 0]", -122.41531378821,37.7532172678798,,
"[1, 2, 2, 2, 4]", -122.444599913288,37.726791735411,,
"[0, 1, 0, 1, 1]", -122.420422400634,37.7889233553137,,
"[0, 1, 0, 1, 1]", -122.417732259561,37.7840044909335,,
"[0, 1, 0, 1, 1]", -122.433622196421,37.800270294431,,
"[1, 2, 2, 2, 4]", -122.475285070076,37.7162577964485,,
"[1, 0, 1, 0, 0]", -122.415473931513,37.7556332979322,,
"[0, 1, 0, 1, 1]", -122.416235852379,37.7849125738476,,
"[1, 0, 1, 0, 0]", -122.413107622693,37.7654480180266,,
"[1, 0, 1, 0, 0]", -122.409033424095,37.7605421573448,,
"[1, 2, 3, 3, 2]", -122.48118317163,37.7437268170337,,
"[1, 0, 1, 0, 0]", -122.410612162957,37.7669031554598,,
"[1, 0, 1, 0, 3]", -122.402884996851,37.7178308607857,,
"[1, 0, 1, 0, 0]", -122.388796044801,37.7579659191536,,
"[0, 1, 0, 4, 5]", -122.405941469147,37.7904631779771,,
"[0, 1, 0, 1, 1]", -122.43355503388,37.783240028248,,
"[0, 1, 0, 1, 1]", -122.41277729699,37.7868343892701,,
"[1, 0, 1, 0, 3]", -122.397744427103,37.7299346936044,,
"[1, 0, 1, 0, 0]", -122.413591695569,37.7638222259466,,
"[0, 1, 0, 1, 1]", -122.422874083058,37.7930494293957,,
"[0, 1, 0, 1, 1]", -122.423682814338,37.7962046209564,,
"[1, 0, 1, 0, 0]", -122.415229420851,37.7588083436412,,
"[1, 0, 1, 0, 0]", -122.411078396423,37.7623285926553,,
"[1, 2, 2, 2, 4]", -122.440593031551,37.7163046735122,,
"[1, 0, 1, 0, 0]", -122.4157812816,37.7588312134724,,
"[1, 0, 1, 0, 0]", -122.413107622701,37.7654480180311,,
"[1, 0, 1, 0, 0]", -122.416557578218,37.7547485110398,,
"[1, 0, 1, 0, 0]", -122.426635076963,37.7549624153696,,
"[1, 0, 1, 0, 0]", -122.415543548355,37.7621213524354,,
"[0, 1, 0, 4, 5]", -122.409999361883,37.79188233556,,
"[0, 2, 3, 3, 2]", -122.472844030435,37.7796457695967,,
"[1, 2, 3, 3, 2]", -122.490992385651,37.7386928139833,,
"[0, 1, 0, 1, 1]", -122.412075501697,37.7916201314541,,
"[1, 0, 1, 0, 0]", -122.419212198636,37.7610244167023,,
"[1, 0, 1, 0, 0]", -122.410861487168,37.7643349958449,,
"[1, 2, 2, 2, 4]", -122.46851080102,37.7197169663465,,
"[1, 2, 2, 2, 4]", -122.447125045686,37.7210305914202,,
"[0, 1, 0, 4, 5]", -122.408384275542,37.7878271137225,,
"[0, 1, 0, 1, 1]", -122.419866693934,37.7906269100308,,
"[0, 1, 0, 1, 1]", -122.433155869003,37.78126734681,,
"[0, 1, 0, 1, 1]", -122.427613309976,37.7834643058494,,
"[0, 1, 0, 4, 5]", -122.412224164736,37.7820729312029,,
"[0, 1, 0, 1, 1]", -122.44293624626,37.7876951560598,,
"[1, 0, 1, 0, 0]", -122.435081294619,37.7388951596573,,
"[0, 1, 0, 1, 1]", -122.421762501792,37.7875490095115,,
"[0, 1, 0, 1, 1]", -122.424012161493,37.7859230439398,,
"[0, 1, 0, 1, 1]", -122.418389144431,37.7872676170829,,
"[0, 1, 0, 1, 1]", -122.415885065795,37.7835160563924,,
"[1, 0, 1, 0, 0]", -122.418120086498,37.7603012340443,,
"[1, 2, 3, 3, 2]", -122.464173729417,37.7641301468423,,
"[1, 0, 1, 0, 0]", -122.415000536786,37.7620990020681,,
"[1, 0, 1, 0, 0]", -122.412056242405,37.7609899089142,,
"[1, 2, 3, 3, 2]", -122.475279310173,37.751469583813,,
"[1, 0, 1, 0, 0]", -122.409162583159,37.7611637256041,,
"[1, 0, 1, 0, 0]", -122.420434724553,37.7633758058059,,
"[0, 1, 0, 1, 1]", -122.421011927709,37.7838226942199,,
"[1, 0, 1, 0, 0]", -122.415000536794,37.7620990020727,,
"[1, 0, 1, 0, 0]", -122.415380073917,37.7604112997938,,
"[1, 0, 1, 0, 0]", -122.416078423909,37.7620347866519,,
"[0, 1, 0, 1, 1]", -122.419834938618,37.7863580362743,,
"[1, 0, 1, 0, 0]", -122.416220195692,37.7628151579852,,
"[1, 0, 1, 0, 0]", -122.416710633703,37.7563479680934,,
"[1, 2, 3, 3, 2]", -122.483704424284,37.7576049188414,,
"[1, 0, 1, 0, 0]", -122.410932750782,37.769411384942,,
"[1, 2, 3, 3, 2]", -122.476626976738,37.7420556906445,,
"[1, 0, 1, 0, 0]", -122.417028392106,37.7603656931573,,
"[1, 0, 1, 0, 3]", -122.39164874901,37.7362897861093,,
"[0, 1, 0, 1, 1]", -122.416829148507,37.7881786970521,,
"[0, 1, 0, 1, 1]", -122.421861006168,37.7880116318962,,
"[1, 2, 3, 3, 2]", -122.473030391671,37.743221553284,,
"[1, 0, 1, 0, 0]", -122.414845139206,37.7605000725995,,
"[0, 1, 0, 4, 5]", -122.409756223507,37.7869126924267,,
"[1, 0, 1, 0, 0]", -122.415473931521,37.7556332979368,,
"[1, 0, 1, 0, 0]", -122.417508586687,37.7539026121867,,
"[1, 2, 3, 3, 2]", -122.491466660491,37.7610079077038,,
"[1, 0, 1, 0, 0]", -122.411918279507,37.7609983572492,,
"[1, 0, 1, 0, 0]", -122.412772766856,37.7655230694583,,
"[1, 0, 1, 0, 0]", -122.404752558962,37.7672561981064,,
"[1, 0, 1, 0, 0]", -122.419671780303,37.7650501214714,,
"[1, 0, 1, 0, 0]", -122.415629332446,37.757232227914,,
"[1, 0, 1, 0, 0]", -122.408686198578,37.7619007350286,,
"[0, 1, 0, 1, 1]", -122.418182397681,37.7865662290435,,
"[1, 0, 1, 0, 0]", -122.418675369299,37.7653975352697,,
"[1, 0, 1, 0, 0]", -122.406725329529,37.7585641691709,,
"[0, 1, 0, 1, 1]", -122.435488624119,37.7886951990543,,
"[1, 0, 1, 0, 0]", -122.417346825121,37.7514859649152,,
"[1, 0, 1, 0, 0]", -122.414544668561,37.7572992974101,,
"[0, 1, 0, 1, 1]", -122.418728220008,37.7896115166626,,
"[0, 1, 0, 1, 1]", -122.431369772406,37.7853730435249,,
"[0, 1, 0, 1, 1]", -122.426173332356,37.7884843739382,,
"[1, 0, 1, 0, 0]", -122.415089059899,37.7573197989318,,
"[1, 0, 1, 0, 0]", -122.41814111944,37.749829290906,,
"[1, 2, 3, 3, 2]", -122.481305019184,37.7474613181905,,
"[0, 1, 0, 4, 5]", -122.407904730522,37.7940589735021,,
"[0, 1, 0, 1, 1]", -122.421572274151,37.7866181600998,,
"[1, 0, 1, 0, 0]", -122.410955890117,37.7610563282319,,
"[1, 0, 1, 0, 0]", -122.41812008649,37.7603012340397,,
"[1, 0, 1, 0, 0]", -122.41733258259,37.7635718955893,,
"[1, 0, 1, 0, 0]", -122.422188261426,37.7726948236861,,
"[0, 1, 0, 1, 1]", -122.413259498719,37.7829514828801,,
"[1, 0, 1, 0, 0]", -122.4081888748,37.7618771000205,,
"[0, 1, 0, 1, 1]", -122.422516966623,37.791288989825,,
"[1, 2, 3, 3, 2]", -122.491861880884,37.7600899498465,,
"[1, 0, 1, 0, 0]", -122.41561725232,37.7564137690481,,
"[0, 1, 0, 1, 1]", -122.418480564808,37.775898446204,,
"[1, 0, 1, 0, 0]", -122.418415888321,37.7626869631943,,
"[0, 1, 0, 1, 1]", -122.420874632422,37.7914943051677,,
"[0, 1, 0, 4, 5]", -122.409445484488,37.789173205941,,
"[1, 0, 1, 0, 0]", -122.403532224303,37.7537998587186,,
"[0, 1, 0, 1, 1]", -122.418904741341,37.7817034301909,,
"[0, 1, 0, 1, 1]", -122.4168291485,37.788178697075,,
"[0, 1, 0, 4, 5]", -122.400816275984,37.7888170040158,,
"[1, 0, 1, 0, 3]", -122.38685178392,37.7175091051709,,
"[1, 0, 1, 0, 0]", -122.417913861876,37.7635887638425,,
"[0, 1, 0, 1, 1]", -122.420211964949,37.7882225424263,,
"[0, 1, 0, 4, 5]", -122.402698432888,37.7899188687248,,
"[1, 0, 1, 0, 0]", -122.418277910521,37.762695287595,,
